統計名：,令和２年国勢調査 人口等基本集計　（主な内容：男女・年齢・配偶関係，世帯の構成，住居の状態，母子・父子世帯，国籍など）,,,,,,,,,,
表番号：,44-1,,,,,,,,,,
表題：,[外国人] 男女，国籍別人口－全国，都道府県，市区町村,,,,,,,,,,
実施年月：,2020年,10月,,,,,,,,,
市区町村時点（年月日）：,-,,,,,,,,,,
,,,,,,,,,,,
NA,欠測値,,,,,,,,,,
,,,,,,,,,,,
,,,,,,,,,/表章事項 コード,2020_01,2020_01
,,,,,,,,,/表章事項 補助コード,-,-
,,,,,,,,,/表章事項,人口【人】,人口【人】
,,,,,,,,,/国籍 コード,0,1
,,,,,,,,,/国籍 補助コード,-,-
時間軸（年次） コード,時間軸（年次） 補助コード,時間軸（年次）,男女 コード,男女 補助コード,男女,全国，都道府県，市区町村 コード,全国，都道府県，市区町村 補助コード,全国，都道府県，市区町村,/国籍,総数,外国人
2020000000,,2020年,0,,総数,0,,全国,,126146099,2402460
2020000000,,2020年,0,,総数,1000,,北海道,,5224614,34321
2020000000,,2020年,0,,総数,1100,,札幌市,,1973395,12634
2020000000,,2020年,0,,総数,1101,,札幌市中央区,,248680,2413
2020000000,,2020年,0,,総数,1102,,札幌市北区,,289323,2770
2020000000,,2020年,0,,総数,1103,,札幌市東区,,265379,1655
2020000000,,2020年,0,,総数,1104,,札幌市白石区,,211835,1094
2020000000,,2020年,0,,総数,1105,,札幌市豊平区,,225298,1435
2020000000,,2020年,0,,総数,1106,,札幌市南区,,135777,580
2020000000,,2020年,0,,総数,1107,,札幌市西区,,217040,975
2020000000,,2020年,0,,総数,1108,,札幌市厚別区,,125083,670
2020000000,,2020年,0,,総数,1109,,札幌市手稲区,,142625,467
2020000000,,2020年,0,,総数,1110,,札幌市清田区,,112355,575
2020000000,,2020年,0,,総数,1202,,函館市,,251084,989
2020000000,,2020年,0,,総数,1203,,小樽市,,111299,552
2020000000,,2020年,0,,総数,1204,,旭川市,,329306,1082
2020000000,,2020年,0,,総数,1205,,室蘭市,,82383,380
2020000000,,2020年,0,,総数,1206,,釧路市,,165077,815
2020000000,,2020年,0,,総数,1207,,帯広市,,166536,717
2020000000,,2020年,0,,総数,1208,,北見市,,115480,402
2020000000,,2020年,0,,総数,1209,,夕張市,,7334,87
2020000000,,2020年,0,,総数,1210,,岩見沢市,,79306,196
2020000000,,2020年,0,,総数,1211,,網走市,,35759,321
2020000000,,2020年,0,,総数,1212,,留萌市,,20114,134
2020000000,,2020年,0,,総数,1213,,苫小牧市,,170113,722
2020000000,,2020年,0,,総数,1214,,稚内市,,33563,435
2020000000,,2020年,0,,総数,1215,,美唄市,,20413,44
2020000000,,2020年,0,,総数,1216,,芦別市,,12555,17
2020000000,,2020年,0,,総数,1217,,江別市,,121056,635
2020000000,,2020年,0,,総数,1218,,赤平市,,9698,67
2020000000,,2020年,0,,総数,1219,,紋別市,,21215,529
2020000000,,2020年,0,,総数,1220,,士別市,,17858,76
2020000000,,2020年,0,,総数,1221,,名寄市,,27282,50
2020000000,,2020年,0,,総数,1222,,三笠市,,8040,15
2020000000,,2020年,0,,総数,1223,,根室市,,24636,306
2020000000,,2020年,0,,総数,1224,,千歳市,,97950,704
2020000000,,2020年,0,,総数,1225,,滝川市,,39490,109
2020000000,,2020年,0,,総数,1226,,砂川市,,16486,29
2020000000,,2020年,0,,総数,1227,,歌志内市,,2989,10
2020000000,,2020年,0,,総数,1228,,深川市,,20039,110
2020000000,,2020年,0,,総数,1229,,富良野市,,21131,224
2020000000,,2020年,0,,総数,1230,,登別市,,46391,167
2020000000,,2020年,0,,総数,1231,,恵庭市,,70331,438
2020000000,,2020年,0,,総数,1233,,伊達市,,32826,180
2020000000,,2020年,0,,総数,1234,,北広島市,,58171,369
2020000000,,2020年,0,,総数,1235,,石狩市,,56869,451
2020000000,,2020年,0,,総数,1236,,北斗市,,44302,300
2020000000,,2020年,0,,総数,1303,,当別町,,15916,119
2020000000,,2020年,0,,総数,1304,,新篠津村,,3044,8
2020000000,,2020年,0,,総数,1331,,松前町,,6260,42
2020000000,,2020年,0,,総数,1332,,福島町,,3794,36
2020000000,,2020年,0,,総数,1333,,知内町,,4167,63
2020000000,,2020年,0,,総数,1334,,木古内町,,3832,24
2020000000,,2020年,0,,総数,1337,,七飯町,,27686,112
2020000000,,2020年,0,,総数,1343,,鹿部町,,3760,114
2020000000,,2020年,0,,総数,1345,,森町,,14338,313
2020000000,,2020年,0,,総数,1346,,八雲町,,15826,225
2020000000,,2020年,0,,総数,1347,,長万部町,,5109,177
2020000000,,2020年,0,,総数,1361,,江差町,,7428,19
2020000000,,2020年,0,,総数,1362,,上ノ国町,,4306,50
2020000000,,2020年,0,,総数,1363,,厚沢部町,,3592,30
2020000000,,2020年,0,,総数,1364,,乙部町,,3403,17
2020000000,,2020年,0,,総数,1367,,奥尻町,,2410,8
2020000000,,2020年,0,,総数,1370,,今金町,,5072,4
2020000000,,2020年,0,,総数,1371,,せたな町,,7398,30
2020000000,,2020年,0,,総数,1391,,島牧村,,1356,2
2020000000,,2020年,0,,総数,1392,,寿都町,,2838,54
2020000000,,2020年,0,,総数,1393,,黒松内町,,2791,16
2020000000,,2020年,0,,総数,1394,,蘭越町,,4568,38
2020000000,,2020年,0,,総数,1395,,ニセコ町,,5074,246
2020000000,,2020年,0,,総数,1396,,真狩村,,2045,37
2020000000,,2020年,0,,総数,1397,,留寿都村,,1911,113
2020000000,,2020年,0,,総数,1398,,喜茂別町,,2156,63
2020000000,,2020年,0,,総数,1399,,京極町,,2941,53
2020000000,,2020年,0,,総数,1400,,倶知安町,,15129,589
2020000000,,2020年,0,,総数,1401,,共和町,,5772,9
2020000000,,2020年,0,,総数,1402,,岩内町,,11648,47
2020000000,,2020年,0,,総数,1403,,泊村,,1569,3
2020000000,,2020年,0,,総数,1404,,神恵内村,,870,1
2020000000,,2020年,0,,総数,1405,,積丹町,,1831,4
2020000000,,2020年,0,,総数,1406,,古平町,,2745,53
2020000000,,2020年,0,,総数,1407,,仁木町,,3180,67
2020000000,,2020年,0,,総数,1408,,余市町,,18000,125
2020000000,,2020年,0,,総数,1409,,赤井川村,,1165,60
2020000000,,2020年,0,,総数,1423,,南幌町,,7319,46
2020000000,,2020年,0,,総数,1424,,奈井江町,,5120,28
2020000000,,2020年,0,,総数,1425,,上砂川町,,2841,17
2020000000,,2020年,0,,総数,1427,,由仁町,,4822,24
2020000000,,2020年,0,,総数,1428,,長沼町,,10289,26
2020000000,,2020年,0,,総数,1429,,栗山町,,11272,35
2020000000,,2020年,0,,総数,1430,,月形町,,3691,13
2020000000,,2020年,0,,総数,1431,,浦臼町,,1732,8
2020000000,,2020年,0,,総数,1432,,新十津川町,,6484,19
2020000000,,2020年,0,,総数,1433,,妹背牛町,,2693,43
2020000000,,2020年,0,,総数,1434,,秩父別町,,2329,3
2020000000,,2020年,0,,総数,1436,,雨竜町,,2389,9
2020000000,,2020年,0,,総数,1437,,北竜町,,1724,6
2020000000,,2020年,0,,総数,1438,,沼田町,,2909,6
2020000000,,2020年,0,,総数,1452,,鷹栖町,,6567,3
2020000000,,2020年,0,,総数,1453,,東神楽町,,10127,43
2020000000,,2020年,0,,総数,1454,,当麻町,,6319,10
2020000000,,2020年,0,,総数,1455,,比布町,,3520,3
2020000000,,2020年,0,,総数,1456,,愛別町,,2605,40
2020000000,,2020年,0,,総数,1457,,上川町,,3500,48
2020000000,,2020年,0,,総数,1458,,東川町,,8314,266
2020000000,,2020年,0,,総数,1459,,美瑛町,,9668,86
2020000000,,2020年,0,,総数,1460,,上富良野町,,10348,60
2020000000,,2020年,0,,総数,1461,,中富良野町,,4733,34
2020000000,,2020年,0,,総数,1462,,南富良野町,,2376,18
2020000000,,2020年,0,,総数,1463,,占冠村,,1306,145
2020000000,,2020年,0,,総数,1464,,和寒町,,3192,22
2020000000,,2020年,0,,総数,1465,,剣淵町,,2926,1
2020000000,,2020年,0,,総数,1468,,下川町,,3126,26
2020000000,,2020年,0,,総数,1469,,美深町,,4145,35
2020000000,,2020年,0,,総数,1470,,音威子府村,,706,1
2020000000,,2020年,0,,総数,1471,,中川町,,1528,8
2020000000,,2020年,0,,総数,1472,,幌加内町,,1370,2
2020000000,,2020年,0,,総数,1481,,増毛町,,3908,80
2020000000,,2020年,0,,総数,1482,,小平町,,2994,67
2020000000,,2020年,0,,総数,1483,,苫前町,,2936,26
2020000000,,2020年,0,,総数,1484,,羽幌町,,6548,22
2020000000,,2020年,0,,総数,1485,,初山別村,,1080,8
2020000000,,2020年,0,,総数,1486,,遠別町,,2520,60
2020000000,,2020年,0,,総数,1487,,天塩町,,2950,34
2020000000,,2020年,0,,総数,1511,,猿払村,,2611,161
2020000000,,2020年,0,,総数,1512,,浜頓別町,,3448,75
2020000000,,2020年,0,,総数,1513,,中頓別町,,1637,4
2020000000,,2020年,0,,総数,1514,,枝幸町,,7565,130
2020000000,,2020年,0,,総数,1516,,豊富町,,3974,42
2020000000,,2020年,0,,総数,1517,,礼文町,,2509,28
2020000000,,2020年,0,,総数,1518,,利尻町,,2004,1
2020000000,,2020年,0,,総数,1519,,利尻富士町,,2458,11
2020000000,,2020年,0,,総数,1520,,幌延町,,2371,28
2020000000,,2020年,0,,総数,1543,,美幌町,,18697,88
2020000000,,2020年,0,,総数,1544,,津別町,,4373,9
2020000000,,2020年,0,,総数,1545,,斜里町,,11418,187
2020000000,,2020年,0,,総数,1546,,清里町,,3883,2
2020000000,,2020年,0,,総数,1547,,小清水町,,4623,23
2020000000,,2020年,0,,総数,1549,,訓子府町,,4677,28
2020000000,,2020年,0,,総数,1550,,置戸町,,2775,5
2020000000,,2020年,0,,総数,1552,,佐呂間町,,4875,222
2020000000,,2020年,0,,総数,1555,,遠軽町,,19241,69
2020000000,,2020年,0,,総数,1559,,湧別町,,8270,145
2020000000,,2020年,0,,総数,1560,,滝上町,,2421,25
2020000000,,2020年,0,,総数,1561,,興部町,,3628,85
2020000000,,2020年,0,,総数,1562,,西興部村,,1053,28
2020000000,,2020年,0,,総数,1563,,雄武町,,4199,228
2020000000,,2020年,0,,総数,1564,,大空町,,6775,13
2020000000,,2020年,0,,総数,1571,,豊浦町,,3821,62
2020000000,,2020年,0,,総数,1575,,壮瞥町,,2743,26
2020000000,,2020年,0,,総数,1578,,白老町,,16212,189
2020000000,,2020年,0,,総数,1581,,厚真町,,4432,46
2020000000,,2020年,0,,総数,1584,,洞爺湖町,,8442,88
2020000000,,2020年,0,,総数,1585,,安平町,,7340,73
2020000000,,2020年,0,,総数,1586,,むかわ町,,7651,142
2020000000,,2020年,0,,総数,1601,,日高町,,11279,260
2020000000,,2020年,0,,総数,1602,,平取町,,4776,127
2020000000,,2020年,0,,総数,1604,,新冠町,,5309,146
2020000000,,2020年,0,,総数,1607,,浦河町,,12074,256
2020000000,,2020年,0,,総数,1608,,様似町,,4043,26
2020000000,,2020年,0,,総数,1609,,えりも町,,4374,39
2020000000,,2020年,0,,総数,1610,,新ひだか町,,21517,103
2020000000,,2020年,0,,総数,1631,,音更町,,43576,107
2020000000,,2020年,0,,総数,1632,,士幌町,,5848,90
2020000000,,2020年,0,,総数,1633,,上士幌町,,4778,136
2020000000,,2020年,0,,総数,1634,,鹿追町,,5266,75
2020000000,,2020年,0,,総数,1635,,新得町,,5817,33
2020000000,,2020年,0,,総数,1636,,清水町,,9094,135
2020000000,,2020年,0,,総数,1637,,芽室町,,18048,60
2020000000,,2020年,0,,総数,1638,,中札内村,,3884,76
2020000000,,2020年,0,,総数,1639,,更別村,,3080,8
2020000000,,2020年,0,,総数,1641,,大樹町,,5420,108
2020000000,,2020年,0,,総数,1642,,広尾町,,6387,51
2020000000,,2020年,0,,総数,1643,,幕別町,,25766,108
2020000000,,2020年,0,,総数,1644,,池田町,,6294,22
2020000000,,2020年,0,,総数,1645,,豊頃町,,3022,50
2020000000,,2020年,0,,総数,1646,,本別町,,6618,42
2020000000,,2020年,0,,総数,1647,,足寄町,,6563,26
2020000000,,2020年,0,,総数,1648,,陸別町,,2264,41
2020000000,,2020年,0,,総数,1649,,浦幌町,,4387,34
2020000000,,2020年,0,,総数,1661,,釧路町,,19105,72
2020000000,,2020年,0,,総数,1662,,厚岸町,,8892,156
2020000000,,2020年,0,,総数,1663,,浜中町,,5507,84
2020000000,,2020年,0,,総数,1664,,標茶町,,7230,95
2020000000,,2020年,0,,総数,1665,,弟子屈町,,6955,48
2020000000,,2020年,0,,総数,1667,,鶴居村,,2558,35
2020000000,,2020年,0,,総数,1668,,白糠町,,7289,90
2020000000,,2020年,0,,総数,1691,,別海町,,14380,395
2020000000,,2020年,0,,総数,1692,,中標津町,,23010,107
2020000000,,2020年,0,,総数,1693,,標津町,,5023,77
2020000000,,2020年,0,,総数,1694,,羅臼町,,4722,42
2020000000,,2020年,0,,総数,2000,,青森県,,1237984,5409
2020000000,,2020年,0,,総数,2201,,青森市,,275192,922
2020000000,,2020年,0,,総数,2202,,弘前市,,168466,641
2020000000,,2020年,0,,総数,2203,,八戸市,,223415,1096
2020000000,,2020年,0,,総数,2204,,黒石市,,31946,116
2020000000,,2020年,0,,総数,2205,,五所川原市,,51415,97
2020000000,,2020年,0,,総数,2206,,十和田市,,60378,310
2020000000,,2020年,0,,総数,2207,,三沢市,,39152,659
2020000000,,2020年,0,,総数,2208,,むつ市,,54103,153
2020000000,,2020年,0,,総数,2209,,つがる市,,30934,58
2020000000,,2020年,0,,総数,2210,,平川市,,30567,48
2020000000,,2020年,0,,総数,2301,,平内町,,10126,47
2020000000,,2020年,0,,総数,2303,,今別町,,2334,3
2020000000,,2020年,0,,総数,2304,,蓬田村,,2540,2
2020000000,,2020年,0,,総数,2307,,外ヶ浜町,,5401,36
2020000000,,2020年,0,,総数,2321,,鰺ヶ沢町,,9044,14
2020000000,,2020年,0,,総数,2323,,深浦町,,7346,22
2020000000,,2020年,0,,総数,2343,,西目屋村,,1265,NA
2020000000,,2020年,0,,総数,2361,,藤崎町,,14573,27
2020000000,,2020年,0,,総数,2362,,大鰐町,,8665,2
2020000000,,2020年,0,,総数,2367,,田舎館村,,7326,11
2020000000,,2020年,0,,総数,2381,,板柳町,,12700,19
2020000000,,2020年,0,,総数,2384,,鶴田町,,12074,15
2020000000,,2020年,0,,総数,2387,,中泊町,,9657,64
2020000000,,2020年,0,,総数,2401,,野辺地町,,12374,151
2020000000,,2020年,0,,総数,2402,,七戸町,,14556,54
2020000000,,2020年,0,,総数,2405,,六戸町,,10447,81
2020000000,,2020年,0,,総数,2406,,横浜町,,4229,76
2020000000,,2020年,0,,総数,2408,,東北町,,16428,103
2020000000,,2020年,0,,総数,2411,,六ヶ所村,,10367,103
2020000000,,2020年,0,,総数,2412,,おいらせ町,,24273,228
2020000000,,2020年,0,,総数,2423,,大間町,,4718,9
2020000000,,2020年,0,,総数,2424,,東通村,,5955,12
2020000000,,2020年,0,,総数,2425,,風間浦村,,1636,3
2020000000,,2020年,0,,総数,2426,,佐井村,,1788,1
2020000000,,2020年,0,,総数,2441,,三戸町,,9082,34
2020000000,,2020年,0,,総数,2442,,五戸町,,16042,72
2020000000,,2020年,0,,総数,2443,,田子町,,4968,13
2020000000,,2020年,0,,総数,2445,,南部町,,16809,33
2020000000,,2020年,0,,総数,2446,,階上町,,13496,66
2020000000,,2020年,0,,総数,2450,,新郷村,,2197,8
2020000000,,2020年,0,,総数,3000,,岩手県,,1210534,6937
2020000000,,2020年,0,,総数,3201,,盛岡市,,289731,1321
2020000000,,2020年,0,,総数,3202,,宮古市,,50369,125
2020000000,,2020年,0,,総数,3203,,大船渡市,,34728,318
2020000000,,2020年,0,,総数,3205,,花巻市,,93193,373
2020000000,,2020年,0,,総数,3206,,北上市,,93045,736
2020000000,,2020年,0,,総数,3207,,久慈市,,33043,324
2020000000,,2020年,0,,総数,3208,,遠野市,,25366,155
2020000000,,2020年,0,,総数,3209,,一関市,,111932,799
2020000000,,2020年,0,,総数,3210,,陸前高田市,,18262,173
2020000000,,2020年,0,,総数,3211,,釜石市,,32078,219
2020000000,,2020年,0,,総数,3213,,二戸市,,25513,192
2020000000,,2020年,0,,総数,3214,,八幡平市,,24023,95
2020000000,,2020年,0,,総数,3215,,奥州市,,112937,589
2020000000,,2020年,0,,総数,3216,,滝沢市,,55579,233
2020000000,,2020年,0,,総数,3301,,雫石町,,15731,42
2020000000,,2020年,0,,総数,3302,,葛巻町,,5634,23
2020000000,,2020年,0,,総数,3303,,岩手町,,12285,165
2020000000,,2020年,0,,総数,3321,,紫波町,,32147,86
2020000000,,2020年,0,,総数,3322,,矢巾町,,28056,104
2020000000,,2020年,0,,総数,3366,,西和賀町,,5134,24
2020000000,,2020年,0,,総数,3381,,金ケ崎町,,15535,145
2020000000,,2020年,0,,総数,3402,,平泉町,,7252,39
2020000000,,2020年,0,,総数,3441,,住田町,,5045,106
2020000000,,2020年,0,,総数,3461,,大槌町,,11004,51
2020000000,,2020年,0,,総数,3482,,山田町,,14320,62
2020000000,,2020年,0,,総数,3483,,岩泉町,,8726,61
2020000000,,2020年,0,,総数,3484,,田野畑村,,3059,29
2020000000,,2020年,0,,総数,3485,,普代村,,2487,21
2020000000,,2020年,0,,総数,3501,,軽米町,,8421,89
2020000000,,2020年,0,,総数,3503,,野田村,,3936,22
2020000000,,2020年,0,,総数,3506,,九戸村,,5378,16
2020000000,,2020年,0,,総数,3507,,洋野町,,15091,51
2020000000,,2020年,0,,総数,3524,,一戸町,,11494,149
2020000000,,2020年,0,,総数,4000,,宮城県,,2301996,19453
2020000000,,2020年,0,,総数,4100,,仙台市,,1096704,11507
2020000000,,2020年,0,,総数,4101,,仙台市青葉区,,311590,5581
2020000000,,2020年,0,,総数,4102,,仙台市宮城野区,,196732,1915
2020000000,,2020年,0,,総数,4103,,仙台市若林区,,141475,1258
2020000000,,2020年,0,,総数,4104,,仙台市太白区,,234758,1677
2020000000,,2020年,0,,総数,4105,,仙台市泉区,,212149,1076
2020000000,,2020年,0,,総数,4202,,石巻市,,140151,1071
2020000000,,2020年,0,,総数,4203,,塩竈市,,52203,503
2020000000,,2020年,0,,総数,4205,,気仙沼市,,61147,582
2020000000,,2020年,0,,総数,4206,,白石市,,32758,214
2020000000,,2020年,0,,総数,4207,,名取市,,78718,359
2020000000,,2020年,0,,総数,4208,,角田市,,27976,206
2020000000,,2020年,0,,総数,4209,,多賀城市,,62827,364
2020000000,,2020年,0,,総数,4211,,岩沼市,,44068,375
2020000000,,2020年,0,,総数,4212,,登米市,,76037,328
2020000000,,2020年,0,,総数,4213,,栗原市,,64637,486
2020000000,,2020年,0,,総数,4214,,東松島市,,39098,142
2020000000,,2020年,0,,総数,4215,,大崎市,,127330,726
2020000000,,2020年,0,,総数,4216,,富谷市,,51651,219
2020000000,,2020年,0,,総数,4301,,蔵王町,,11418,67
2020000000,,2020年,0,,総数,4302,,七ヶ宿町,,1262,27
2020000000,,2020年,0,,総数,4321,,大河原町,,23571,125
2020000000,,2020年,0,,総数,4322,,村田町,,10666,54
2020000000,,2020年,0,,総数,4323,,柴田町,,38271,140
2020000000,,2020年,0,,総数,4324,,川崎町,,8345,127
2020000000,,2020年,0,,総数,4341,,丸森町,,12262,133
2020000000,,2020年,0,,総数,4361,,亘理町,,33087,155
2020000000,,2020年,0,,総数,4362,,山元町,,12046,58
2020000000,,2020年,0,,総数,4401,,松島町,,13323,63
2020000000,,2020年,0,,総数,4404,,七ヶ浜町,,18132,98
2020000000,,2020年,0,,総数,4406,,利府町,,35182,120
2020000000,,2020年,0,,総数,4421,,大和町,,28786,374
2020000000,,2020年,0,,総数,4422,,大郷町,,7813,79
2020000000,,2020年,0,,総数,4424,,大衡村,,5849,58
2020000000,,2020年,0,,総数,4444,,色麻町,,6698,34
2020000000,,2020年,0,,総数,4445,,加美町,,21943,162
2020000000,,2020年,0,,総数,4501,,涌谷町,,15388,57
2020000000,,2020年,0,,総数,4505,,美里町,,23994,64
2020000000,,2020年,0,,総数,4581,,女川町,,6430,212
2020000000,,2020年,0,,総数,4606,,南三陸町,,12225,164
2020000000,,2020年,0,,総数,5000,,秋田県,,959502,3651
2020000000,,2020年,0,,総数,5201,,秋田市,,307672,1187
2020000000,,2020年,0,,総数,5202,,能代市,,49968,208
2020000000,,2020年,0,,総数,5203,,横手市,,85555,373
2020000000,,2020年,0,,総数,5204,,大館市,,69237,295
2020000000,,2020年,0,,総数,5206,,男鹿市,,25154,44
2020000000,,2020年,0,,総数,5207,,湯沢市,,42091,114
2020000000,,2020年,0,,総数,5209,,鹿角市,,29088,89
2020000000,,2020年,0,,総数,5210,,由利本荘市,,74707,256
2020000000,,2020年,0,,総数,5211,,潟上市,,31720,85
2020000000,,2020年,0,,総数,5212,,大仙市,,77657,226
2020000000,,2020年,0,,総数,5213,,北秋田市,,30198,142
2020000000,,2020年,0,,総数,5214,,にかほ市,,23435,83
2020000000,,2020年,0,,総数,5215,,仙北市,,24610,89
2020000000,,2020年,0,,総数,5303,,小坂町,,4780,33
2020000000,,2020年,0,,総数,5327,,上小阿仁村,,2063,21
2020000000,,2020年,0,,総数,5346,,藤里町,,2896,26
2020000000,,2020年,0,,総数,5348,,三種町,,15254,46
2020000000,,2020年,0,,総数,5349,,八峰町,,6577,48
2020000000,,2020年,0,,総数,5361,,五城目町,,8538,18
2020000000,,2020年,0,,総数,5363,,八郎潟町,,5583,26
2020000000,,2020年,0,,総数,5366,,井川町,,4566,6
2020000000,,2020年,0,,総数,5368,,大潟村,,3011,19
2020000000,,2020年,0,,総数,5434,,美郷町,,18613,49
2020000000,,2020年,0,,総数,5463,,羽後町,,13825,102
2020000000,,2020年,0,,総数,5464,,東成瀬村,,2704,66
2020000000,,2020年,0,,総数,6000,,山形県,,1068027,7149
2020000000,,2020年,0,,総数,6201,,山形市,,247590,1156
2020000000,,2020年,0,,総数,6202,,米沢市,,81252,737
2020000000,,2020年,0,,総数,6203,,鶴岡市,,122347,635
2020000000,,2020年,0,,総数,6204,,酒田市,,100273,503
2020000000,,2020年,0,,総数,6205,,新庄市,,34432,361
2020000000,,2020年,0,,総数,6206,,寒河江市,,40189,345
2020000000,,2020年,0,,総数,6207,,上山市,,29110,147
2020000000,,2020年,0,,総数,6208,,村山市,,22516,180
2020000000,,2020年,0,,総数,6209,,長井市,,26543,340
2020000000,,2020年,0,,総数,6210,,天童市,,62140,531
2020000000,,2020年,0,,総数,6211,,東根市,,47682,322
2020000000,,2020年,0,,総数,6212,,尾花沢市,,14971,80
2020000000,,2020年,0,,総数,6213,,南陽市,,30420,269
2020000000,,2020年,0,,総数,6301,,山辺町,,13725,47
2020000000,,2020年,0,,総数,6302,,中山町,,10746,57
2020000000,,2020年,0,,総数,6321,,河北町,,17641,181
2020000000,,2020年,0,,総数,6322,,西川町,,4956,42
2020000000,,2020年,0,,総数,6323,,朝日町,,6366,52
2020000000,,2020年,0,,総数,6324,,大江町,,7646,87
2020000000,,2020年,0,,総数,6341,,大石田町,,6577,78
2020000000,,2020年,0,,総数,6361,,金山町,,5071,57
2020000000,,2020年,0,,総数,6362,,最上町,,8080,82
2020000000,,2020年,0,,総数,6363,,舟形町,,5007,33
2020000000,,2020年,0,,総数,6364,,真室川町,,7203,35
2020000000,,2020年,0,,総数,6365,,大蔵村,,3028,16
2020000000,,2020年,0,,総数,6366,,鮭川村,,3902,26
2020000000,,2020年,0,,総数,6367,,戸沢村,,4199,60
2020000000,,2020年,0,,総数,6381,,高畠町,,22463,196
2020000000,,2020年,0,,総数,6382,,川西町,,14558,68
2020000000,,2020年,0,,総数,6401,,小国町,,7107,56
2020000000,,2020年,0,,総数,6402,,白鷹町,,12890,121
2020000000,,2020年,0,,総数,6403,,飯豊町,,6613,48
2020000000,,2020年,0,,総数,6426,,三川町,,7601,30
2020000000,,2020年,0,,総数,6428,,庄内町,,20151,106
2020000000,,2020年,0,,総数,6461,,遊佐町,,13032,65
2020000000,,2020年,0,,総数,7000,,福島県,,1833152,12868
2020000000,,2020年,0,,総数,7201,,福島市,,282693,1772
2020000000,,2020年,0,,総数,7202,,会津若松市,,117376,738
2020000000,,2020年,0,,総数,7203,,郡山市,,327692,2561
2020000000,,2020年,0,,総数,7204,,いわき市,,332931,2439
2020000000,,2020年,0,,総数,7205,,白河市,,59491,574
2020000000,,2020年,0,,総数,7207,,須賀川市,,74992,375
2020000000,,2020年,0,,総数,7208,,喜多方市,,44760,216
2020000000,,2020年,0,,総数,7209,,相馬市,,34865,178
2020000000,,2020年,0,,総数,7210,,二本松市,,53557,344
2020000000,,2020年,0,,総数,7211,,田村市,,35169,311
2020000000,,2020年,0,,総数,7212,,南相馬市,,59005,403
2020000000,,2020年,0,,総数,7213,,伊達市,,58240,401
2020000000,,2020年,0,,総数,7214,,本宮市,,30236,186
2020000000,,2020年,0,,総数,7301,,桑折町,,11459,35
2020000000,,2020年,0,,総数,7303,,国見町,,8639,59
2020000000,,2020年,0,,総数,7308,,川俣町,,12170,105
2020000000,,2020年,0,,総数,7322,,大玉村,,8900,47
2020000000,,2020年,0,,総数,7342,,鏡石町,,12318,50
2020000000,,2020年,0,,総数,7344,,天栄村,,5194,56
2020000000,,2020年,0,,総数,7362,,下郷町,,5264,15
2020000000,,2020年,0,,総数,7364,,檜枝岐村,,504,NA
2020000000,,2020年,0,,総数,7367,,只見町,,4044,30
2020000000,,2020年,0,,総数,7368,,南会津町,,14451,68
2020000000,,2020年,0,,総数,7402,,北塩原村,,2556,35
2020000000,,2020年,0,,総数,7405,,西会津町,,5770,38
2020000000,,2020年,0,,総数,7407,,磐梯町,,3322,9
2020000000,,2020年,0,,総数,7408,,猪苗代町,,13552,64
2020000000,,2020年,0,,総数,7421,,会津坂下町,,15068,127
2020000000,,2020年,0,,総数,7422,,湯川村,,3081,8
2020000000,,2020年,0,,総数,7423,,柳津町,,3081,7
2020000000,,2020年,0,,総数,7444,,三島町,,1452,8
2020000000,,2020年,0,,総数,7445,,金山町,,1862,11
2020000000,,2020年,0,,総数,7446,,昭和村,,1246,4
2020000000,,2020年,0,,総数,7447,,会津美里町,,19014,38
2020000000,,2020年,0,,総数,7461,,西郷村,,20808,243
2020000000,,2020年,0,,総数,7464,,泉崎村,,6213,118
2020000000,,2020年,0,,総数,7465,,中島村,,4885,35
2020000000,,2020年,0,,総数,7466,,矢吹町,,17287,163
2020000000,,2020年,0,,総数,7481,,棚倉町,,13343,71
2020000000,,2020年,0,,総数,7482,,矢祭町,,5392,23
2020000000,,2020年,0,,総数,7483,,塙町,,8302,87
2020000000,,2020年,0,,総数,7484,,鮫川村,,3049,18
2020000000,,2020年,0,,総数,7501,,石川町,,14644,108
2020000000,,2020年,0,,総数,7502,,玉川村,,6392,71
2020000000,,2020年,0,,総数,7503,,平田村,,5826,120
2020000000,,2020年,0,,総数,7504,,浅川町,,6036,23
2020000000,,2020年,0,,総数,7505,,古殿町,,4825,58
2020000000,,2020年,0,,総数,7521,,三春町,,17018,58
2020000000,,2020年,0,,総数,7522,,小野町,,9471,142
2020000000,,2020年,0,,総数,7541,,広野町,,5412,75
2020000000,,2020年,0,,総数,7542,,楢葉町,,3710,22
2020000000,,2020年,0,,総数,7543,,富岡町,,2128,10
2020000000,,2020年,0,,総数,7544,,川内村,,2044,32
2020000000,,2020年,0,,総数,7545,,大熊町,,847,1
2020000000,,2020年,0,,総数,7546,,双葉町,,NA,NA
2020000000,,2020年,0,,総数,7547,,浪江町,,1923,5
2020000000,,2020年,0,,総数,7548,,葛尾村,,420,4
2020000000,,2020年,0,,総数,7561,,新地町,,7905,50
2020000000,,2020年,0,,総数,7564,,飯舘村,,1318,19
2020000000,,2020年,0,,総数,8000,,茨城県,,2867009,57819
2020000000,,2020年,0,,総数,8201,,水戸市,,270685,2818
2020000000,,2020年,0,,総数,8202,,日立市,,174508,1493
2020000000,,2020年,0,,総数,8203,,土浦市,,142074,3650
2020000000,,2020年,0,,総数,8204,,古河市,,139344,3020
2020000000,,2020年,0,,総数,8205,,石岡市,,73061,1011
2020000000,,2020年,0,,総数,8207,,結城市,,50645,2057
2020000000,,2020年,0,,総数,8208,,龍ケ崎市,,76420,1910
2020000000,,2020年,0,,総数,8210,,下妻市,,42521,1948
2020000000,,2020年,0,,総数,8211,,常総市,,60834,4755
2020000000,,2020年,0,,総数,8212,,常陸太田市,,48602,174
2020000000,,2020年,0,,総数,8214,,高萩市,,27699,194
2020000000,,2020年,0,,総数,8215,,北茨城市,,41801,341
2020000000,,2020年,0,,総数,8216,,笠間市,,73173,672
2020000000,,2020年,0,,総数,8217,,取手市,,104524,1392
2020000000,,2020年,0,,総数,8219,,牛久市,,84651,1373
2020000000,,2020年,0,,総数,8220,,つくば市,,241656,6556
2020000000,,2020年,0,,総数,8221,,ひたちなか市,,156581,1578
2020000000,,2020年,0,,総数,8222,,鹿嶋市,,66950,879
2020000000,,2020年,0,,総数,8223,,潮来市,,27604,342
2020000000,,2020年,0,,総数,8224,,守谷市,,68421,1127
2020000000,,2020年,0,,総数,8225,,常陸大宮市,,39267,243
2020000000,,2020年,0,,総数,8226,,那珂市,,53502,253
2020000000,,2020年,0,,総数,8227,,筑西市,,100753,2371
2020000000,,2020年,0,,総数,8228,,坂東市,,52265,2242
2020000000,,2020年,0,,総数,8229,,稲敷市,,39039,1022
2020000000,,2020年,0,,総数,8230,,かすみがうら市,,40087,1016
2020000000,,2020年,0,,総数,8231,,桜川市,,39122,284
2020000000,,2020年,0,,総数,8232,,神栖市,,95454,2656
2020000000,,2020年,0,,総数,8233,,行方市,,32185,931
2020000000,,2020年,0,,総数,8234,,鉾田市,,45953,2474
2020000000,,2020年,0,,総数,8235,,つくばみらい市,,49872,424
2020000000,,2020年,0,,総数,8236,,小美玉市,,48870,1300
2020000000,,2020年,0,,総数,8302,,茨城町,,31401,547
2020000000,,2020年,0,,総数,8309,,大洗町,,15715,704
2020000000,,2020年,0,,総数,8310,,城里町,,18097,66
2020000000,,2020年,0,,総数,8341,,東海村,,37891,285
2020000000,,2020年,0,,総数,8364,,大子町,,15736,82
2020000000,,2020年,0,,総数,8442,,美浦村,,14602,303
2020000000,,2020年,0,,総数,8443,,阿見町,,48553,865
2020000000,,2020年,0,,総数,8447,,河内町,,8231,107
2020000000,,2020年,0,,総数,8521,,八千代町,,21026,1073
2020000000,,2020年,0,,総数,8542,,五霞町,,8093,145
2020000000,,2020年,0,,総数,8546,,境町,,24201,896
2020000000,,2020年,0,,総数,8564,,利根町,,15340,240
2020000000,,2020年,0,,総数,9000,,栃木県,,1933146,37408
2020000000,,2020年,0,,総数,9201,,宇都宮市,,518757,8003
2020000000,,2020年,0,,総数,9202,,足利市,,144746,4518
2020000000,,2020年,0,,総数,9203,,栃木市,,155549,3834
2020000000,,2020年,0,,総数,9204,,佐野市,,116228,2690
2020000000,,2020年,0,,総数,9205,,鹿沼市,,94033,1372
2020000000,,2020年,0,,総数,9206,,日光市,,77661,836
2020000000,,2020年,0,,総数,9208,,小山市,,166666,6034
2020000000,,2020年,0,,総数,9209,,真岡市,,78190,3146
2020000000,,2020年,0,,総数,9210,,大田原市,,72087,1010
2020000000,,2020年,0,,総数,9211,,矢板市,,31165,291
2020000000,,2020年,0,,総数,9213,,那須塩原市,,115210,1855
2020000000,,2020年,0,,総数,9214,,さくら市,,44513,381
2020000000,,2020年,0,,総数,9215,,那須烏山市,,24875,227
2020000000,,2020年,0,,総数,9216,,下野市,,59507,599
2020000000,,2020年,0,,総数,9301,,上三川町,,30806,333
2020000000,,2020年,0,,総数,9342,,益子町,,21898,189
2020000000,,2020年,0,,総数,9343,,茂木町,,11891,94
2020000000,,2020年,0,,総数,9344,,市貝町,,11262,173
2020000000,,2020年,0,,総数,9345,,芳賀町,,14961,159
2020000000,,2020年,0,,総数,9361,,壬生町,,39474,503
2020000000,,2020年,0,,総数,9364,,野木町,,24913,325
2020000000,,2020年,0,,総数,9384,,塩谷町,,10354,53
2020000000,,2020年,0,,総数,9386,,高根沢町,,29229,398
2020000000,,2020年,0,,総数,9407,,那須町,,23956,242
2020000000,,2020年,0,,総数,9411,,那珂川町,,15215,143
2020000000,,2020年,0,,総数,10000,,群馬県,,1939110,53432
2020000000,,2020年,0,,総数,10201,,前橋市,,332149,5505
2020000000,,2020年,0,,総数,10202,,高崎市,,372973,5077
2020000000,,2020年,0,,総数,10203,,桐生市,,106445,1579
2020000000,,2020年,0,,総数,10204,,伊勢崎市,,211850,11955
2020000000,,2020年,0,,総数,10205,,太田市,,223014,10992
2020000000,,2020年,0,,総数,10206,,沼田市,,45337,522
2020000000,,2020年,0,,総数,10207,,館林市,,75309,2425
2020000000,,2020年,0,,総数,10208,,渋川市,,74581,709
2020000000,,2020年,0,,総数,10209,,藤岡市,,63261,727
2020000000,,2020年,0,,総数,10210,,富岡市,,47446,797
2020000000,,2020年,0,,総数,10211,,安中市,,54907,477
2020000000,,2020年,0,,総数,10212,,みどり市,,49648,684
2020000000,,2020年,0,,総数,10344,,榛東村,,14216,158
2020000000,,2020年,0,,総数,10345,,吉岡町,,21792,148
2020000000,,2020年,0,,総数,10366,,上野村,,1128,17
2020000000,,2020年,0,,総数,10367,,神流町,,1645,11
2020000000,,2020年,0,,総数,10382,,下仁田町,,6576,31
2020000000,,2020年,0,,総数,10383,,南牧村,,1611,5
2020000000,,2020年,0,,総数,10384,,甘楽町,,12491,154
2020000000,,2020年,0,,総数,10421,,中之条町,,15386,196
2020000000,,2020年,0,,総数,10424,,長野原町,,5095,59
2020000000,,2020年,0,,総数,10425,,嬬恋村,,8850,143
2020000000,,2020年,0,,総数,10426,,草津町,,6049,223
2020000000,,2020年,0,,総数,10428,,高山村,,3511,193
2020000000,,2020年,0,,総数,10429,,東吾妻町,,12728,240
2020000000,,2020年,0,,総数,10443,,片品村,,3993,42
2020000000,,2020年,0,,総数,10444,,川場村,,3480,10
2020000000,,2020年,0,,総数,10448,,昭和村,,6953,436
2020000000,,2020年,0,,総数,10449,,みなかみ町,,17195,222
2020000000,,2020年,0,,総数,10464,,玉村町,,36054,834
2020000000,,2020年,0,,総数,10521,,板倉町,,14083,257
2020000000,,2020年,0,,総数,10522,,明和町,,10882,241
2020000000,,2020年,0,,総数,10523,,千代田町,,10861,337
2020000000,,2020年,0,,総数,10524,,大泉町,,42089,7392
2020000000,,2020年,0,,総数,10525,,邑楽町,,25522,634
2020000000,,2020年,0,,総数,11000,,埼玉県,,7344765,161439
2020000000,,2020年,0,,総数,11100,,さいたま市,,1324025,22845
2020000000,,2020年,0,,総数,11101,,さいたま市西区,,93499,923
2020000000,,2020年,0,,総数,11102,,さいたま市北区,,149242,2064
2020000000,,2020年,0,,総数,11103,,さいたま市大宮区,,117784,2359
2020000000,,2020年,0,,総数,11104,,さいたま市見沼区,,165049,2752
2020000000,,2020年,0,,総数,11105,,さいたま市中央区,,103269,1697
2020000000,,2020年,0,,総数,11106,,さいたま市桜区,,98661,2408
2020000000,,2020年,0,,総数,11107,,さいたま市浦和区,,164822,2779
2020000000,,2020年,0,,総数,11108,,さいたま市南区,,191563,4522
2020000000,,2020年,0,,総数,11109,,さいたま市緑区,,128321,1464
2020000000,,2020年,0,,総数,11110,,さいたま市岩槻区,,111815,1877
2020000000,,2020年,0,,総数,11201,,川越市,,354571,5909
2020000000,,2020年,0,,総数,11202,,熊谷市,,194415,3076
2020000000,,2020年,0,,総数,11203,,川口市,,594274,31592
2020000000,,2020年,0,,総数,11206,,行田市,,78617,1417
2020000000,,2020年,0,,総数,11207,,秩父市,,59674,511
2020000000,,2020年,0,,総数,11208,,所沢市,,342464,3865
2020000000,,2020年,0,,総数,11209,,飯能市,,80361,929
2020000000,,2020年,0,,総数,11210,,加須市,,111623,2142
2020000000,,2020年,0,,総数,11211,,本庄市,,78569,2403
2020000000,,2020年,0,,総数,11212,,東松山市,,91791,2454
2020000000,,2020年,0,,総数,11214,,春日部市,,229792,3442
2020000000,,2020年,0,,総数,11215,,狭山市,,148699,2327
2020000000,,2020年,0,,総数,11216,,羽生市,,52862,1210
2020000000,,2020年,0,,総数,11217,,鴻巣市,,116828,1611
2020000000,,2020年,0,,総数,11218,,深谷市,,141268,2611
2020000000,,2020年,0,,総数,11219,,上尾市,,226940,3225
2020000000,,2020年,0,,総数,11221,,草加市,,248304,7147
2020000000,,2020年,0,,総数,11222,,越谷市,,341621,6547
2020000000,,2020年,0,,総数,11223,,蕨市,,74283,6293
2020000000,,2020年,0,,総数,11224,,戸田市,,140899,5870
2020000000,,2020年,0,,総数,11225,,入間市,,145651,2023
2020000000,,2020年,0,,総数,11227,,朝霞市,,141083,3578
2020000000,,2020年,0,,総数,11228,,志木市,,75346,1613
2020000000,,2020年,0,,総数,11229,,和光市,,83989,2215
2020000000,,2020年,0,,総数,11230,,新座市,,166017,2985
2020000000,,2020年,0,,総数,11231,,桶川市,,74748,764
2020000000,,2020年,0,,総数,11232,,久喜市,,150582,2655
2020000000,,2020年,0,,総数,11233,,北本市,,65201,514
2020000000,,2020年,0,,総数,11234,,八潮市,,93363,3461
2020000000,,2020年,0,,総数,11235,,富士見市,,111859,1998
2020000000,,2020年,0,,総数,11237,,三郷市,,142145,4309
2020000000,,2020年,0,,総数,11238,,蓮田市,,61499,606
2020000000,,2020年,0,,総数,11239,,坂戸市,,100275,2296
2020000000,,2020年,0,,総数,11240,,幸手市,,50066,979
2020000000,,2020年,0,,総数,11241,,鶴ヶ島市,,70117,1281
2020000000,,2020年,0,,総数,11242,,日高市,,54571,784
2020000000,,2020年,0,,総数,11243,,吉川市,,71979,1558
2020000000,,2020年,0,,総数,11245,,ふじみ野市,,113597,2561
2020000000,,2020年,0,,総数,11246,,白岡市,,52214,535
2020000000,,2020年,0,,総数,11301,,伊奈町,,44841,398
2020000000,,2020年,0,,総数,11324,,三芳町,,38434,717
2020000000,,2020年,0,,総数,11326,,毛呂山町,,35366,523
2020000000,,2020年,0,,総数,11327,,越生町,,11029,124
2020000000,,2020年,0,,総数,11341,,滑川町,,19732,476
2020000000,,2020年,0,,総数,11342,,嵐山町,,17889,569
2020000000,,2020年,0,,総数,11343,,小川町,,28524,269
2020000000,,2020年,0,,総数,11346,,川島町,,19378,333
2020000000,,2020年,0,,総数,11347,,吉見町,,18192,154
2020000000,,2020年,0,,総数,11348,,鳩山町,,13560,133
2020000000,,2020年,0,,総数,11349,,ときがわ町,,10540,176
2020000000,,2020年,0,,総数,11361,,横瀬町,,7979,63
2020000000,,2020年,0,,総数,11362,,皆野町,,9302,62
2020000000,,2020年,0,,総数,11363,,長瀞町,,6807,24
2020000000,,2020年,0,,総数,11365,,小鹿野町,,10928,100
2020000000,,2020年,0,,総数,11369,,東秩父村,,2709,9
2020000000,,2020年,0,,総数,11381,,美里町,,11039,137
2020000000,,2020年,0,,総数,11383,,神川町,,13359,346
2020000000,,2020年,0,,総数,11385,,上里町,,30343,945
2020000000,,2020年,0,,総数,11408,,寄居町,,32374,509
2020000000,,2020年,0,,総数,11442,,宮代町,,34147,385
2020000000,,2020年,0,,総数,11464,,杉戸町,,43845,519
2020000000,,2020年,0,,総数,11465,,松伏町,,28266,327
2020000000,,2020年,0,,総数,12000,,千葉県,,6284480,142177
2020000000,,2020年,0,,総数,12100,,千葉市,,974951,23142
2020000000,,2020年,0,,総数,12101,,千葉市中央区,,211736,4314
2020000000,,2020年,0,,総数,12102,,千葉市花見川区,,177328,3886
2020000000,,2020年,0,,総数,12103,,千葉市稲毛区,,160582,3481
2020000000,,2020年,0,,総数,12104,,千葉市若葉区,,146940,3196
2020000000,,2020年,0,,総数,12105,,千葉市緑区,,129421,1346
2020000000,,2020年,0,,総数,12106,,千葉市美浜区,,148944,6919
2020000000,,2020年,0,,総数,12202,,銚子市,,58431,2137
2020000000,,2020年,0,,総数,12203,,市川市,,496676,15899
2020000000,,2020年,0,,総数,12204,,船橋市,,642907,16915
2020000000,,2020年,0,,総数,12205,,館山市,,45153,284
2020000000,,2020年,0,,総数,12206,,木更津市,,136166,2266
2020000000,,2020年,0,,総数,12207,,松戸市,,498232,15513
2020000000,,2020年,0,,総数,12208,,野田市,,152638,3163
2020000000,,2020年,0,,総数,12210,,茂原市,,86782,1166
2020000000,,2020年,0,,総数,12211,,成田市,,132906,5165
2020000000,,2020年,0,,総数,12212,,佐倉市,,168743,3065
2020000000,,2020年,0,,総数,12213,,東金市,,58219,1371
2020000000,,2020年,0,,総数,12215,,旭市,,63745,1320
2020000000,,2020年,0,,総数,12216,,習志野市,,176197,4034
2020000000,,2020年,0,,総数,12217,,柏市,,426468,7882
2020000000,,2020年,0,,総数,12218,,勝浦市,,16927,165
2020000000,,2020年,0,,総数,12219,,市原市,,269524,5044
2020000000,,2020年,0,,総数,12220,,流山市,,199849,2745
2020000000,,2020年,0,,総数,12221,,八千代市,,199498,5367
2020000000,,2020年,0,,総数,12222,,我孫子市,,130510,1623
2020000000,,2020年,0,,総数,12223,,鴨川市,,32116,507
2020000000,,2020年,0,,総数,12224,,鎌ケ谷市,,109932,1488
2020000000,,2020年,0,,総数,12225,,君津市,,82206,718
2020000000,,2020年,0,,総数,12226,,富津市,,42465,453
2020000000,,2020年,0,,総数,12227,,浦安市,,171362,3691
2020000000,,2020年,0,,総数,12228,,四街道市,,93576,2054
2020000000,,2020年,0,,総数,12229,,袖ケ浦市,,63883,668
2020000000,,2020年,0,,総数,12230,,八街市,,67455,2105
2020000000,,2020年,0,,総数,12231,,印西市,,102609,1956
2020000000,,2020年,0,,総数,12232,,白井市,,62441,1117
2020000000,,2020年,0,,総数,12233,,富里市,,49735,2751
2020000000,,2020年,0,,総数,12234,,南房総市,,35831,362
2020000000,,2020年,0,,総数,12235,,匝瑳市,,35040,407
2020000000,,2020年,0,,総数,12236,,香取市,,72356,841
2020000000,,2020年,0,,総数,12237,,山武市,,48444,907
2020000000,,2020年,0,,総数,12238,,いすみ市,,35544,443
2020000000,,2020年,0,,総数,12239,,大網白里市,,48129,576
2020000000,,2020年,0,,総数,12322,,酒々井町,,20745,445
2020000000,,2020年,0,,総数,12329,,栄町,,20127,247
2020000000,,2020年,0,,総数,12342,,神崎町,,5816,125
2020000000,,2020年,0,,総数,12347,,多古町,,13735,401
2020000000,,2020年,0,,総数,12349,,東庄町,,13228,236
2020000000,,2020年,0,,総数,12403,,九十九里町,,14639,290
2020000000,,2020年,0,,総数,12409,,芝山町,,7033,186
2020000000,,2020年,0,,総数,12410,,横芝光町,,22075,315
2020000000,,2020年,0,,総数,12421,,一宮町,,11897,125
2020000000,,2020年,0,,総数,12422,,睦沢町,,6760,42
2020000000,,2020年,0,,総数,12423,,長生村,,13803,88
2020000000,,2020年,0,,総数,12424,,白子町,,10305,83
2020000000,,2020年,0,,総数,12426,,長柄町,,6721,70
2020000000,,2020年,0,,総数,12427,,長南町,,7198,26
2020000000,,2020年,0,,総数,12441,,大多喜町,,8885,92
2020000000,,2020年,0,,総数,12443,,御宿町,,6874,33
2020000000,,2020年,0,,総数,12463,,鋸南町,,6993,63
2020000000,,2020年,0,,総数,13000,,東京都,,14047594,483372
2020000000,,2020年,0,,総数,13100,,特別区部,,9733276,403171
2020000000,,2020年,0,,総数,13101,,千代田区,,66680,2724
2020000000,,2020年,0,,総数,13102,,中央区,,169179,7385
2020000000,,2020年,0,,総数,13103,,港区,,260486,17409
2020000000,,2020年,0,,総数,13104,,新宿区,,349385,27216
2020000000,,2020年,0,,総数,13105,,文京区,,240069,8457
2020000000,,2020年,0,,総数,13106,,台東区,,211444,14275
2020000000,,2020年,0,,総数,13107,,墨田区,,272085,10767
2020000000,,2020年,0,,総数,13108,,江東区,,524310,28682
2020000000,,2020年,0,,総数,13109,,品川区,,422488,11897
2020000000,,2020年,0,,総数,13110,,目黒区,,288088,8642
2020000000,,2020年,0,,総数,13111,,大田区,,748081,20358
2020000000,,2020年,0,,総数,13112,,世田谷区,,943664,22364
2020000000,,2020年,0,,総数,13113,,渋谷区,,243883,8704
2020000000,,2020年,0,,総数,13114,,中野区,,344880,15391
2020000000,,2020年,0,,総数,13115,,杉並区,,591108,14107
2020000000,,2020年,0,,総数,13116,,豊島区,,301599,25573
2020000000,,2020年,0,,総数,13117,,北区,,355213,20368
2020000000,,2020年,0,,総数,13118,,荒川区,,217475,16814
2020000000,,2020年,0,,総数,13119,,板橋区,,584483,23049
2020000000,,2020年,0,,総数,13120,,練馬区,,752608,18129
2020000000,,2020年,0,,総数,13121,,足立区,,695043,29791
2020000000,,2020年,0,,総数,13122,,葛飾区,,453093,19229
2020000000,,2020年,0,,総数,13123,,江戸川区,,697932,31840
2020000000,,2020年,0,,総数,13201,,八王子市,,579355,11790
2020000000,,2020年,0,,総数,13202,,立川市,,183581,4221
2020000000,,2020年,0,,総数,13203,,武蔵野市,,150149,2911
2020000000,,2020年,0,,総数,13204,,三鷹市,,195391,3411
2020000000,,2020年,0,,総数,13205,,青梅市,,133535,1858
2020000000,,2020年,0,,総数,13206,,府中市,,262790,4893
2020000000,,2020年,0,,総数,13207,,昭島市,,113949,2669
2020000000,,2020年,0,,総数,13208,,調布市,,242614,3980
2020000000,,2020年,0,,総数,13209,,町田市,,431079,6276
2020000000,,2020年,0,,総数,13210,,小金井市,,126074,2456
2020000000,,2020年,0,,総数,13211,,小平市,,198739,4673
2020000000,,2020年,0,,総数,13212,,日野市,,190435,2989
2020000000,,2020年,0,,総数,13213,,東村山市,,151815,2723
2020000000,,2020年,0,,総数,13214,,国分寺市,,129242,2257
2020000000,,2020年,0,,総数,13215,,国立市,,77130,1565
2020000000,,2020年,0,,総数,13218,,福生市,,56414,3080
2020000000,,2020年,0,,総数,13219,,狛江市,,84772,1159
2020000000,,2020年,0,,総数,13220,,東大和市,,83901,1071
2020000000,,2020年,0,,総数,13221,,清瀬市,,76208,1230
2020000000,,2020年,0,,総数,13222,,東久留米市,,115271,2028
2020000000,,2020年,0,,総数,13223,,武蔵村山市,,70829,1472
2020000000,,2020年,0,,総数,13224,,多摩市,,146951,2366
2020000000,,2020年,0,,総数,13225,,稲城市,,93151,1312
2020000000,,2020年,0,,総数,13227,,羽村市,,54326,1313
2020000000,,2020年,0,,総数,13228,,あきる野市,,79292,839
2020000000,,2020年,0,,総数,13229,,西東京市,,207388,4566
2020000000,,2020年,0,,総数,13303,,瑞穂町,,31765,712
2020000000,,2020年,0,,総数,13305,,日の出町,,16958,75
2020000000,,2020年,0,,総数,13307,,檜原村,,2003,5
2020000000,,2020年,0,,総数,13308,,奥多摩町,,4750,48
2020000000,,2020年,0,,総数,13361,,大島町,,7102,86
2020000000,,2020年,0,,総数,13362,,利島村,,327,5
2020000000,,2020年,0,,総数,13363,,新島村,,2441,11
2020000000,,2020年,0,,総数,13364,,神津島村,,1855,5
2020000000,,2020年,0,,総数,13381,,三宅村,,2273,31
2020000000,,2020年,0,,総数,13382,,御蔵島村,,323,10
2020000000,,2020年,0,,総数,13401,,八丈町,,7042,82
2020000000,,2020年,0,,総数,13402,,青ヶ島村,,169,NA
2020000000,,2020年,0,,総数,13421,,小笠原村,,2929,23
2020000000,,2020年,0,,総数,14000,,神奈川県,,9237337,195535
2020000000,,2020年,0,,総数,14100,,横浜市,,3777491,88067
2020000000,,2020年,0,,総数,14101,,横浜市鶴見区,,297437,12225
2020000000,,2020年,0,,総数,14102,,横浜市神奈川区,,247267,6441
2020000000,,2020年,0,,総数,14103,,横浜市西区,,104935,4413
2020000000,,2020年,0,,総数,14104,,横浜市中区,,151388,12708
2020000000,,2020年,0,,総数,14105,,横浜市南区,,198157,9165
2020000000,,2020年,0,,総数,14106,,横浜市保土ケ谷区,,207811,4975
2020000000,,2020年,0,,総数,14107,,横浜市磯子区,,166731,4083
2020000000,,2020年,0,,総数,14108,,横浜市金沢区,,198939,2795
2020000000,,2020年,0,,総数,14109,,横浜市港北区,,358530,6083
2020000000,,2020年,0,,総数,14110,,横浜市戸塚区,,283709,3878
2020000000,,2020年,0,,総数,14111,,横浜市港南区,,215248,2696
2020000000,,2020年,0,,総数,14112,,横浜市旭区,,245174,2695
2020000000,,2020年,0,,総数,14113,,横浜市緑区,,183082,3767
2020000000,,2020年,0,,総数,14114,,横浜市瀬谷区,,122623,1705
2020000000,,2020年,0,,総数,14115,,横浜市栄区,,120194,1075
2020000000,,2020年,0,,総数,14116,,横浜市泉区,,152378,2252
2020000000,,2020年,0,,総数,14117,,横浜市青葉区,,310756,3989
2020000000,,2020年,0,,総数,14118,,横浜市都筑区,,213132,3122
2020000000,,2020年,0,,総数,14130,,川崎市,,1538262,38482
2020000000,,2020年,0,,総数,14131,,川崎市川崎区,,232965,13134
2020000000,,2020年,0,,総数,14132,,川崎市幸区,,171119,4844
2020000000,,2020年,0,,総数,14133,,川崎市中原区,,263683,5240
2020000000,,2020年,0,,総数,14134,,川崎市高津区,,234328,4685
2020000000,,2020年,0,,総数,14135,,川崎市多摩区,,221734,4494
2020000000,,2020年,0,,総数,14136,,川崎市宮前区,,233728,3385
2020000000,,2020年,0,,総数,14137,,川崎市麻生区,,180705,2700
2020000000,,2020年,0,,総数,14150,,相模原市,,725493,13334
2020000000,,2020年,0,,総数,14151,,相模原市緑区,,170207,2935
2020000000,,2020年,0,,総数,14152,,相模原市中央区,,273875,5063
2020000000,,2020年,0,,総数,14153,,相模原市南区,,281411,5336
2020000000,,2020年,0,,総数,14201,,横須賀市,,388078,5081
2020000000,,2020年,0,,総数,14203,,平塚市,,258422,4715
2020000000,,2020年,0,,総数,14204,,鎌倉市,,172710,1401
2020000000,,2020年,0,,総数,14205,,藤沢市,,436905,5198
2020000000,,2020年,0,,総数,14206,,小田原市,,188856,2312
2020000000,,2020年,0,,総数,14207,,茅ヶ崎市,,242389,1753
2020000000,,2020年,0,,総数,14208,,逗子市,,57060,491
2020000000,,2020年,0,,総数,14210,,三浦市,,42069,294
2020000000,,2020年,0,,総数,14211,,秦野市,,162439,3254
2020000000,,2020年,0,,総数,14212,,厚木市,,223705,7283
2020000000,,2020年,0,,総数,14213,,大和市,,239169,6189
2020000000,,2020年,0,,総数,14214,,伊勢原市,,101780,2509
2020000000,,2020年,0,,総数,14215,,海老名市,,136516,2431
2020000000,,2020年,0,,総数,14216,,座間市,,132325,2935
2020000000,,2020年,0,,総数,14217,,南足柄市,,40841,335
2020000000,,2020年,0,,総数,14218,,綾瀬市,,83913,3771
2020000000,,2020年,0,,総数,14301,,葉山町,,31665,234
2020000000,,2020年,0,,総数,14321,,寒川町,,48348,857
2020000000,,2020年,0,,総数,14341,,大磯町,,31634,141
2020000000,,2020年,0,,総数,14342,,二宮町,,27564,174
2020000000,,2020年,0,,総数,14361,,中井町,,9300,329
2020000000,,2020年,0,,総数,14362,,大井町,,17129,120
2020000000,,2020年,0,,総数,14363,,松田町,,10836,80
2020000000,,2020年,0,,総数,14364,,山北町,,9761,73
2020000000,,2020年,0,,総数,14366,,開成町,,18329,156
2020000000,,2020年,0,,総数,14382,,箱根町,,11293,354
2020000000,,2020年,0,,総数,14383,,真鶴町,,6722,56
2020000000,,2020年,0,,総数,14384,,湯河原町,,23426,273
2020000000,,2020年,0,,総数,14401,,愛川町,,39869,2831
2020000000,,2020年,0,,総数,14402,,清川村,,3038,22
2020000000,,2020年,0,,総数,15000,,新潟県,,2201272,15028
2020000000,,2020年,0,,総数,15100,,新潟市,,789275,4672
2020000000,,2020年,0,,総数,15101,,新潟市北区,,72804,469
2020000000,,2020年,0,,総数,15102,,新潟市東区,,134446,800
2020000000,,2020年,0,,総数,15103,,新潟市中央区,,180345,1540
2020000000,,2020年,0,,総数,15104,,新潟市江南区,,67972,342
2020000000,,2020年,0,,総数,15105,,新潟市秋葉区,,75069,249
2020000000,,2020年,0,,総数,15106,,新潟市南区,,43437,159
2020000000,,2020年,0,,総数,15107,,新潟市西区,,160656,876
2020000000,,2020年,0,,総数,15108,,新潟市西蒲区,,54546,237
2020000000,,2020年,0,,総数,15202,,長岡市,,266936,2091
2020000000,,2020年,0,,総数,15204,,三条市,,94642,596
2020000000,,2020年,0,,総数,15205,,柏崎市,,81526,779
2020000000,,2020年,0,,総数,15206,,新発田市,,94927,574
2020000000,,2020年,0,,総数,15208,,小千谷市,,34096,172
2020000000,,2020年,0,,総数,15209,,加茂市,,25441,89
2020000000,,2020年,0,,総数,15210,,十日町市,,49820,276
2020000000,,2020年,0,,総数,15211,,見附市,,39237,230
2020000000,,2020年,0,,総数,15212,,村上市,,57418,312
2020000000,,2020年,0,,総数,15213,,燕市,,77201,456
2020000000,,2020年,0,,総数,15216,,糸魚川市,,40765,361
2020000000,,2020年,0,,総数,15217,,妙高市,,30383,264
2020000000,,2020年,0,,総数,15218,,五泉市,,47625,472
2020000000,,2020年,0,,総数,15222,,上越市,,188047,1507
2020000000,,2020年,0,,総数,15223,,阿賀野市,,40696,240
2020000000,,2020年,0,,総数,15224,,佐渡市,,51492,200
2020000000,,2020年,0,,総数,15225,,魚沼市,,34483,220
2020000000,,2020年,0,,総数,15226,,南魚沼市,,54851,689
2020000000,,2020年,0,,総数,15227,,胎内市,,28509,190
2020000000,,2020年,0,,総数,15307,,聖籠町,,14259,277
2020000000,,2020年,0,,総数,15342,,弥彦村,,7705,20
2020000000,,2020年,0,,総数,15361,,田上町,,11227,39
2020000000,,2020年,0,,総数,15385,,阿賀町,,9965,36
2020000000,,2020年,0,,総数,15405,,出雲崎町,,4113,14
2020000000,,2020年,0,,総数,15461,,湯沢町,,7767,111
2020000000,,2020年,0,,総数,15482,,津南町,,8989,103
2020000000,,2020年,0,,総数,15504,,刈羽村,,4380,14
2020000000,,2020年,0,,総数,15581,,関川村,,5144,22
2020000000,,2020年,0,,総数,15586,,粟島浦村,,353,2
2020000000,,2020年,0,,総数,16000,,富山県,,1034814,16326
2020000000,,2020年,0,,総数,16201,,富山市,,413938,6380
2020000000,,2020年,0,,総数,16202,,高岡市,,166393,2986
2020000000,,2020年,0,,総数,16204,,魚津市,,40535,384
2020000000,,2020年,0,,総数,16205,,氷見市,,43950,424
2020000000,,2020年,0,,総数,16206,,滑川市,,32349,387
2020000000,,2020年,0,,総数,16207,,黒部市,,39638,315
2020000000,,2020年,0,,総数,16208,,砺波市,,48154,709
2020000000,,2020年,0,,総数,16209,,小矢部市,,28983,514
2020000000,,2020年,0,,総数,16210,,南砺市,,47937,811
2020000000,,2020年,0,,総数,16211,,射水市,,90742,2374
2020000000,,2020年,0,,総数,16321,,舟橋村,,3132,51
2020000000,,2020年,0,,総数,16322,,上市町,,19351,217
2020000000,,2020年,0,,総数,16323,,立山町,,24792,207
2020000000,,2020年,0,,総数,16342,,入善町,,23839,443
2020000000,,2020年,0,,総数,16343,,朝日町,,11081,124
2020000000,,2020年,0,,総数,17000,,石川県,,1132526,13685
2020000000,,2020年,0,,総数,17201,,金沢市,,463254,4798
2020000000,,2020年,0,,総数,17202,,七尾市,,50300,643
2020000000,,2020年,0,,総数,17203,,小松市,,106216,2271
2020000000,,2020年,0,,総数,17204,,輪島市,,24608,173
2020000000,,2020年,0,,総数,17205,,珠洲市,,12929,75
2020000000,,2020年,0,,総数,17206,,加賀市,,63220,915
2020000000,,2020年,0,,総数,17207,,羽咋市,,20407,145
2020000000,,2020年,0,,総数,17209,,かほく市,,34889,297
2020000000,,2020年,0,,総数,17210,,白山市,,110408,1402
2020000000,,2020年,0,,総数,17211,,能美市,,48523,1134
2020000000,,2020年,0,,総数,17212,,野々市市,,57238,473
2020000000,,2020年,0,,総数,17324,,川北町,,6135,63
2020000000,,2020年,0,,総数,17361,,津幡町,,36957,275
2020000000,,2020年,0,,総数,17365,,内灘町,,26574,320
2020000000,,2020年,0,,総数,17384,,志賀町,,18630,163
2020000000,,2020年,0,,総数,17386,,宝達志水町,,12121,173
2020000000,,2020年,0,,総数,17407,,中能登町,,16540,179
2020000000,,2020年,0,,総数,17461,,穴水町,,7890,80
2020000000,,2020年,0,,総数,17463,,能登町,,15687,106
2020000000,,2020年,0,,総数,18000,,福井県,,766863,13796
2020000000,,2020年,0,,総数,18201,,福井市,,262328,3879
2020000000,,2020年,0,,総数,18202,,敦賀市,,64264,734
2020000000,,2020年,0,,総数,18204,,小浜市,,28991,278
2020000000,,2020年,0,,総数,18205,,大野市,,31286,469
2020000000,,2020年,0,,総数,18206,,勝山市,,22150,277
2020000000,,2020年,0,,総数,18207,,鯖江市,,68302,787
2020000000,,2020年,0,,総数,18208,,あわら市,,27524,466
2020000000,,2020年,0,,総数,18209,,越前市,,80611,4649
2020000000,,2020年,0,,総数,18210,,坂井市,,88481,1409
2020000000,,2020年,0,,総数,18322,,永平寺町,,18965,236
2020000000,,2020年,0,,総数,18382,,池田町,,2423,14
2020000000,,2020年,0,,総数,18404,,南越前町,,10002,57
2020000000,,2020年,0,,総数,18423,,越前町,,20118,174
2020000000,,2020年,0,,総数,18442,,美浜町,,9179,70
2020000000,,2020年,0,,総数,18481,,高浜町,,10326,144
2020000000,,2020年,0,,総数,18483,,おおい町,,7910,68
2020000000,,2020年,0,,総数,18501,,若狭町,,14003,85
2020000000,,2020年,0,,総数,19000,,山梨県,,809974,13993
2020000000,,2020年,0,,総数,19201,,甲府市,,189591,4743
2020000000,,2020年,0,,総数,19202,,富士吉田市,,46530,437
2020000000,,2020年,0,,総数,19204,,都留市,,31016,517
2020000000,,2020年,0,,総数,19205,,山梨市,,33435,185
2020000000,,2020年,0,,総数,19206,,大月市,,22512,170
2020000000,,2020年,0,,総数,19207,,韮崎市,,29067,487
2020000000,,2020年,0,,総数,19208,,南アルプス市,,69459,971
2020000000,,2020年,0,,総数,19209,,北杜市,,44053,506
2020000000,,2020年,0,,総数,19210,,甲斐市,,75313,965
2020000000,,2020年,0,,総数,19211,,笛吹市,,66947,874
2020000000,,2020年,0,,総数,19212,,上野原市,,22669,319
2020000000,,2020年,0,,総数,19213,,甲州市,,29237,162
2020000000,,2020年,0,,総数,19214,,中央市,,31216,1646
2020000000,,2020年,0,,総数,19346,,市川三郷町,,14700,213
2020000000,,2020年,0,,総数,19364,,早川町,,1098,7
2020000000,,2020年,0,,総数,19365,,身延町,,10663,96
2020000000,,2020年,0,,総数,19366,,南部町,,7156,59
2020000000,,2020年,0,,総数,19368,,富士川町,,14219,144
2020000000,,2020年,0,,総数,19384,,昭和町,,20909,692
2020000000,,2020年,0,,総数,19422,,道志村,,1607,9
2020000000,,2020年,0,,総数,19423,,西桂町,,4041,29
2020000000,,2020年,0,,総数,19424,,忍野村,,9237,238
2020000000,,2020年,0,,総数,19425,,山中湖村,,5179,121
2020000000,,2020年,0,,総数,19429,,鳴沢村,,2824,21
2020000000,,2020年,0,,総数,19430,,富士河口湖町,,26082,373
2020000000,,2020年,0,,総数,19442,,小菅村,,684,8
2020000000,,2020年,0,,総数,19443,,丹波山村,,530,1
2020000000,,2020年,0,,総数,20000,,長野県,,2048011,31491
2020000000,,2020年,0,,総数,20201,,長野市,,372760,3094
2020000000,,2020年,0,,総数,20202,,松本市,,241145,3425
2020000000,,2020年,0,,総数,20203,,上田市,,154055,3148
2020000000,,2020年,0,,総数,20204,,岡谷市,,47790,723
2020000000,,2020年,0,,総数,20205,,飯田市,,98164,1995
2020000000,,2020年,0,,総数,20206,,諏訪市,,48729,1075
2020000000,,2020年,0,,総数,20207,,須坂市,,49559,624
2020000000,,2020年,0,,総数,20208,,小諸市,,40991,753
2020000000,,2020年,0,,総数,20209,,伊那市,,66125,1645
2020000000,,2020年,0,,総数,20210,,駒ヶ根市,,32202,552
2020000000,,2020年,0,,総数,20211,,中野市,,42338,546
2020000000,,2020年,0,,総数,20212,,大町市,,26029,468
2020000000,,2020年,0,,総数,20213,,飯山市,,19539,191
2020000000,,2020年,0,,総数,20214,,茅野市,,56400,907
2020000000,,2020年,0,,総数,20215,,塩尻市,,67241,1233
2020000000,,2020年,0,,総数,20217,,佐久市,,98199,1109
2020000000,,2020年,0,,総数,20218,,千曲市,,58852,754
2020000000,,2020年,0,,総数,20219,,東御市,,30122,465
2020000000,,2020年,0,,総数,20220,,安曇野市,,94222,1092
2020000000,,2020年,0,,総数,20303,,小海町,,4353,68
2020000000,,2020年,0,,総数,20304,,川上村,,4344,825
2020000000,,2020年,0,,総数,20305,,南牧村,,3242,452
2020000000,,2020年,0,,総数,20306,,南相木村,,962,21
2020000000,,2020年,0,,総数,20307,,北相木村,,752,34
2020000000,,2020年,0,,総数,20309,,佐久穂町,,10218,70
2020000000,,2020年,0,,総数,20321,,軽井沢町,,19188,393
2020000000,,2020年,0,,総数,20323,,御代田町,,15555,367
2020000000,,2020年,0,,総数,20324,,立科町,,6612,107
2020000000,,2020年,0,,総数,20349,,青木村,,4121,30
2020000000,,2020年,0,,総数,20350,,長和町,,5600,48
2020000000,,2020年,0,,総数,20361,,下諏訪町,,19155,234
2020000000,,2020年,0,,総数,20362,,富士見町,,14084,214
2020000000,,2020年,0,,総数,20363,,原村,,7680,116
2020000000,,2020年,0,,総数,20382,,辰野町,,18555,353
2020000000,,2020年,0,,総数,20383,,箕輪町,,24989,743
2020000000,,2020年,0,,総数,20384,,飯島町,,9004,223
2020000000,,2020年,0,,総数,20385,,南箕輪村,,15797,276
2020000000,,2020年,0,,総数,20386,,中川村,,4651,63
2020000000,,2020年,0,,総数,20388,,宮田村,,8569,272
2020000000,,2020年,0,,総数,20402,,松川町,,12530,114
2020000000,,2020年,0,,総数,20403,,高森町,,12811,158
2020000000,,2020年,0,,総数,20404,,阿南町,,4299,41
2020000000,,2020年,0,,総数,20407,,阿智村,,6068,127
2020000000,,2020年,0,,総数,20409,,平谷村,,387,3
2020000000,,2020年,0,,総数,20410,,根羽村,,852,15
2020000000,,2020年,0,,総数,20411,,下條村,,3545,36
2020000000,,2020年,0,,総数,20412,,売木村,,548,7
2020000000,,2020年,0,,総数,20413,,天龍村,,1178,11
2020000000,,2020年,0,,総数,20414,,泰阜村,,1542,26
2020000000,,2020年,0,,総数,20415,,喬木村,,5973,57
2020000000,,2020年,0,,総数,20416,,豊丘村,,6426,119
2020000000,,2020年,0,,総数,20417,,大鹿村,,1023,12
2020000000,,2020年,0,,総数,20422,,上松町,,4131,55
2020000000,,2020年,0,,総数,20423,,南木曽町,,3915,29
2020000000,,2020年,0,,総数,20425,,木祖村,,2692,24
2020000000,,2020年,0,,総数,20429,,王滝村,,715,13
2020000000,,2020年,0,,総数,20430,,大桑村,,3439,76
2020000000,,2020年,0,,総数,20432,,木曽町,,10584,121
2020000000,,2020年,0,,総数,20446,,麻績村,,2593,18
2020000000,,2020年,0,,総数,20448,,生坂村,,1639,11
2020000000,,2020年,0,,総数,20450,,山形村,,8400,163
2020000000,,2020年,0,,総数,20451,,朝日村,,4279,41
2020000000,,2020年,0,,総数,20452,,筑北村,,4149,28
2020000000,,2020年,0,,総数,20481,,池田町,,9382,120
2020000000,,2020年,0,,総数,20482,,松川村,,9599,134
2020000000,,2020年,0,,総数,20485,,白馬村,,8575,292
2020000000,,2020年,0,,総数,20486,,小谷村,,2647,61
2020000000,,2020年,0,,総数,20521,,坂城町,,14004,377
2020000000,,2020年,0,,総数,20541,,小布施町,,10660,47
2020000000,,2020年,0,,総数,20543,,高山村,,6617,98
2020000000,,2020年,0,,総数,20561,,山ノ内町,,11352,163
2020000000,,2020年,0,,総数,20562,,木島平村,,4375,21
2020000000,,2020年,0,,総数,20563,,野沢温泉村,,3279,32
2020000000,,2020年,0,,総数,20583,,信濃町,,7739,59
2020000000,,2020年,0,,総数,20588,,小川村,,2215,16
2020000000,,2020年,0,,総数,20590,,飯綱町,,10296,43
2020000000,,2020年,0,,総数,20602,,栄村,,1660,15
2020000000,,2020年,0,,総数,21000,,岐阜県,,1978742,48979
2020000000,,2020年,0,,総数,21201,,岐阜市,,402557,6362
2020000000,,2020年,0,,総数,21202,,大垣市,,158286,4934
2020000000,,2020年,0,,総数,21203,,高山市,,84419,706
2020000000,,2020年,0,,総数,21204,,多治見市,,106732,1870
2020000000,,2020年,0,,総数,21205,,関市,,85283,1952
2020000000,,2020年,0,,総数,21206,,中津川市,,76570,1755
2020000000,,2020年,0,,総数,21207,,美濃市,,19247,486
2020000000,,2020年,0,,総数,21208,,瑞浪市,,37150,941
2020000000,,2020年,0,,総数,21209,,羽島市,,65649,987
2020000000,,2020年,0,,総数,21210,,恵那市,,47774,818
2020000000,,2020年,0,,総数,21211,,美濃加茂市,,56689,4642
2020000000,,2020年,0,,総数,21212,,土岐市,,55348,1640
2020000000,,2020年,0,,総数,21213,,各務原市,,144521,2974
2020000000,,2020年,0,,総数,21214,,可児市,,99968,7335
2020000000,,2020年,0,,総数,21215,,山県市,,25280,593
2020000000,,2020年,0,,総数,21216,,瑞穂市,,56388,2158
2020000000,,2020年,0,,総数,21217,,飛騨市,,22538,122
2020000000,,2020年,0,,総数,21218,,本巣市,,32928,576
2020000000,,2020年,0,,総数,21219,,郡上市,,38997,493
2020000000,,2020年,0,,総数,21220,,下呂市,,30428,463
2020000000,,2020年,0,,総数,21221,,海津市,,32735,686
2020000000,,2020年,0,,総数,21302,,岐南町,,25881,574
2020000000,,2020年,0,,総数,21303,,笠松町,,22208,321
2020000000,,2020年,0,,総数,21341,,養老町,,26882,438
2020000000,,2020年,0,,総数,21361,,垂井町,,26402,794
2020000000,,2020年,0,,総数,21362,,関ケ原町,,6610,139
2020000000,,2020年,0,,総数,21381,,神戸町,,18585,363
2020000000,,2020年,0,,総数,21382,,輪之内町,,9654,456
2020000000,,2020年,0,,総数,21383,,安八町,,14355,275
2020000000,,2020年,0,,総数,21401,,揖斐川町,,19529,222
2020000000,,2020年,0,,総数,21403,,大野町,,22041,262
2020000000,,2020年,0,,総数,21404,,池田町,,23360,520
2020000000,,2020年,0,,総数,21421,,北方町,,18139,436
2020000000,,2020年,0,,総数,21501,,坂祝町,,8071,503
2020000000,,2020年,0,,総数,21502,,富加町,,5626,135
2020000000,,2020年,0,,総数,21503,,川辺町,,9860,200
2020000000,,2020年,0,,総数,21504,,七宗町,,3402,27
2020000000,,2020年,0,,総数,21505,,八百津町,,10195,139
2020000000,,2020年,0,,総数,21506,,白川町,,7412,104
2020000000,,2020年,0,,総数,21507,,東白川村,,2016,20
2020000000,,2020年,0,,総数,21521,,御嵩町,,17516,529
2020000000,,2020年,0,,総数,21604,,白川村,,1511,29
2020000000,,2020年,0,,総数,22000,,静岡県,,3633202,86046
2020000000,,2020年,0,,総数,22100,,静岡市,,693389,9764
2020000000,,2020年,0,,総数,22101,,静岡市葵区,,249297,2756
2020000000,,2020年,0,,総数,22102,,静岡市駿河区,,213026,4268
2020000000,,2020年,0,,総数,22103,,静岡市清水区,,231066,2740
2020000000,,2020年,0,,総数,22130,,浜松市,,790718,22368
2020000000,,2020年,0,,総数,22131,,浜松市中区,,235240,8218
2020000000,,2020年,0,,総数,22132,,浜松市東区,,129356,3075
2020000000,,2020年,0,,総数,22133,,浜松市西区,,108160,2644
2020000000,,2020年,0,,総数,22134,,浜松市南区,,99769,4108
2020000000,,2020年,0,,総数,22135,,浜松市北区,,92688,1726
2020000000,,2020年,0,,総数,22136,,浜松市浜北区,,98779,2247
2020000000,,2020年,0,,総数,22137,,浜松市天竜区,,26726,350
2020000000,,2020年,0,,総数,22203,,沼津市,,189386,4042
2020000000,,2020年,0,,総数,22205,,熱海市,,34208,494
2020000000,,2020年,0,,総数,22206,,三島市,,107783,1192
2020000000,,2020年,0,,総数,22207,,富士宮市,,128105,1914
2020000000,,2020年,0,,総数,22208,,伊東市,,65491,494
2020000000,,2020年,0,,総数,22209,,島田市,,95719,1306
2020000000,,2020年,0,,総数,22210,,富士市,,245392,4998
2020000000,,2020年,0,,総数,22211,,磐田市,,166672,7346
2020000000,,2020年,0,,総数,22212,,焼津市,,136845,4355
2020000000,,2020年,0,,総数,22213,,掛川市,,114954,4090
2020000000,,2020年,0,,総数,22214,,藤枝市,,141342,1618
2020000000,,2020年,0,,総数,22215,,御殿場市,,86614,2100
2020000000,,2020年,0,,総数,22216,,袋井市,,87864,4336
2020000000,,2020年,0,,総数,22219,,下田市,,20183,173
2020000000,,2020年,0,,総数,22220,,裾野市,,50911,712
2020000000,,2020年,0,,総数,22221,,湖西市,,57885,3284
2020000000,,2020年,0,,総数,22222,,伊豆市,,28190,197
2020000000,,2020年,0,,総数,22223,,御前崎市,,31103,914
2020000000,,2020年,0,,総数,22224,,菊川市,,47789,3473
2020000000,,2020年,0,,総数,22225,,伊豆の国市,,46804,554
2020000000,,2020年,0,,総数,22226,,牧之原市,,43502,1968
2020000000,,2020年,0,,総数,22301,,東伊豆町,,11488,140
2020000000,,2020年,0,,総数,22302,,河津町,,6870,44
2020000000,,2020年,0,,総数,22304,,南伊豆町,,7877,45
2020000000,,2020年,0,,総数,22305,,松崎町,,6038,21
2020000000,,2020年,0,,総数,22306,,西伊豆町,,7090,88
2020000000,,2020年,0,,総数,22325,,函南町,,36794,282
2020000000,,2020年,0,,総数,22341,,清水町,,31710,1154
2020000000,,2020年,0,,総数,22342,,長泉町,,43336,401
2020000000,,2020年,0,,総数,22344,,小山町,,18568,196
2020000000,,2020年,0,,総数,22424,,吉田町,,28919,1555
2020000000,,2020年,0,,総数,22429,,川根本町,,6206,87
2020000000,,2020年,0,,総数,22461,,森町,,17457,341
2020000000,,2020年,0,,総数,23000,,愛知県,,7542415,231369
2020000000,,2020年,0,,総数,23100,,名古屋市,,2332176,69501
2020000000,,2020年,0,,総数,23101,,名古屋市千種区,,165245,5711
2020000000,,2020年,0,,総数,23102,,名古屋市東区,,84392,3364
2020000000,,2020年,0,,総数,23103,,名古屋市北区,,162956,5292
2020000000,,2020年,0,,総数,23104,,名古屋市西区,,151082,3740
2020000000,,2020年,0,,総数,23105,,名古屋市中村区,,138599,4210
2020000000,,2020年,0,,総数,23106,,名古屋市中区,,93100,5254
2020000000,,2020年,0,,総数,23107,,名古屋市昭和区,,107599,3461
2020000000,,2020年,0,,総数,23108,,名古屋市瑞穂区,,108332,1422
2020000000,,2020年,0,,総数,23109,,名古屋市熱田区,,66957,1940
2020000000,,2020年,0,,総数,23110,,名古屋市中川区,,220728,6367
2020000000,,2020年,0,,総数,23111,,名古屋市港区,,143715,8293
2020000000,,2020年,0,,総数,23112,,名古屋市南区,,134510,5662
2020000000,,2020年,0,,総数,23113,,名古屋市守山区,,176587,3290
2020000000,,2020年,0,,総数,23114,,名古屋市緑区,,248802,4990
2020000000,,2020年,0,,総数,23115,,名古屋市名東区,,164755,3327
2020000000,,2020年,0,,総数,23116,,名古屋市天白区,,164817,3178
2020000000,,2020年,0,,総数,23201,,豊橋市,,371920,16916
2020000000,,2020年,0,,総数,23202,,岡崎市,,384654,10887
2020000000,,2020年,0,,総数,23203,,一宮市,,380073,5774
2020000000,,2020年,0,,総数,23204,,瀬戸市,,127792,3971
2020000000,,2020年,0,,総数,23205,,半田市,,117884,3862
2020000000,,2020年,0,,総数,23206,,春日井市,,308681,6657
2020000000,,2020年,0,,総数,23207,,豊川市,,184661,6115
2020000000,,2020年,0,,総数,23208,,津島市,,60942,1347
2020000000,,2020年,0,,総数,23209,,碧南市,,72458,5045
2020000000,,2020年,0,,総数,23210,,刈谷市,,153834,4708
2020000000,,2020年,0,,総数,23211,,豊田市,,422330,15974
2020000000,,2020年,0,,総数,23212,,安城市,,187990,7101
2020000000,,2020年,0,,総数,23213,,西尾市,,169046,8909
2020000000,,2020年,0,,総数,23214,,蒲郡市,,79538,3025
2020000000,,2020年,0,,総数,23215,,犬山市,,73090,2218
2020000000,,2020年,0,,総数,23216,,常滑市,,58710,1273
2020000000,,2020年,0,,総数,23217,,江南市,,98255,1544
2020000000,,2020年,0,,総数,23219,,小牧市,,148831,9011
2020000000,,2020年,0,,総数,23220,,稲沢市,,134751,3083
2020000000,,2020年,0,,総数,23221,,新城市,,44355,885
2020000000,,2020年,0,,総数,23222,,東海市,,113787,1753
2020000000,,2020年,0,,総数,23223,,大府市,,93123,2611
2020000000,,2020年,0,,総数,23224,,知多市,,84364,1902
2020000000,,2020年,0,,総数,23225,,知立市,,72193,4729
2020000000,,2020年,0,,総数,23226,,尾張旭市,,83144,1309
2020000000,,2020年,0,,総数,23227,,高浜市,,46106,3290
2020000000,,2020年,0,,総数,23228,,岩倉市,,47983,2321
2020000000,,2020年,0,,総数,23229,,豊明市,,69295,3021
2020000000,,2020年,0,,総数,23230,,日進市,,91520,1396
2020000000,,2020年,0,,総数,23231,,田原市,,59360,1152
2020000000,,2020年,0,,総数,23232,,愛西市,,60829,838
2020000000,,2020年,0,,総数,23233,,清須市,,67352,1201
2020000000,,2020年,0,,総数,23234,,北名古屋市,,86385,1950
2020000000,,2020年,0,,総数,23235,,弥富市,,43025,1521
2020000000,,2020年,0,,総数,23236,,みよし市,,61952,2026
2020000000,,2020年,0,,総数,23237,,あま市,,86126,2048
2020000000,,2020年,0,,総数,23238,,長久手市,,60162,737
2020000000,,2020年,0,,総数,23302,,東郷町,,43903,1220
2020000000,,2020年,0,,総数,23342,,豊山町,,15613,430
2020000000,,2020年,0,,総数,23361,,大口町,,24305,608
2020000000,,2020年,0,,総数,23362,,扶桑町,,34133,424
2020000000,,2020年,0,,総数,23424,,大治町,,32399,696
2020000000,,2020年,0,,総数,23425,,蟹江町,,37338,1415
2020000000,,2020年,0,,総数,23427,,飛島村,,4575,246
2020000000,,2020年,0,,総数,23441,,阿久比町,,28383,305
2020000000,,2020年,0,,総数,23442,,東浦町,,49596,1314
2020000000,,2020年,0,,総数,23445,,南知多町,,16617,389
2020000000,,2020年,0,,総数,23446,,美浜町,,22496,306
2020000000,,2020年,0,,総数,23447,,武豊町,,43535,1109
2020000000,,2020年,0,,総数,23501,,幸田町,,42449,1233
2020000000,,2020年,0,,総数,23561,,設楽町,,4437,26
2020000000,,2020年,0,,総数,23562,,東栄町,,2942,17
2020000000,,2020年,0,,総数,23563,,豊根村,,1017,20
2020000000,,2020年,0,,総数,24000,,三重県,,1770254,44721
2020000000,,2020年,0,,総数,24201,,津市,,274537,7377
2020000000,,2020年,0,,総数,24202,,四日市市,,305424,8530
2020000000,,2020年,0,,総数,24203,,伊勢市,,122765,991
2020000000,,2020年,0,,総数,24204,,松阪市,,159145,3859
2020000000,,2020年,0,,総数,24205,,桑名市,,138613,3707
2020000000,,2020年,0,,総数,24207,,鈴鹿市,,195670,6432
2020000000,,2020年,0,,総数,24208,,名張市,,76387,965
2020000000,,2020年,0,,総数,24209,,尾鷲市,,16252,184
2020000000,,2020年,0,,総数,24210,,亀山市,,49835,1658
2020000000,,2020年,0,,総数,24211,,鳥羽市,,17525,165
2020000000,,2020年,0,,総数,24212,,熊野市,,15965,104
2020000000,,2020年,0,,総数,24214,,いなべ市,,44973,1842
2020000000,,2020年,0,,総数,24215,,志摩市,,46057,330
2020000000,,2020年,0,,総数,24216,,伊賀市,,88766,4993
2020000000,,2020年,0,,総数,24303,,木曽岬町,,6023,302
2020000000,,2020年,0,,総数,24324,,東員町,,25784,593
2020000000,,2020年,0,,総数,24341,,菰野町,,40559,770
2020000000,,2020年,0,,総数,24343,,朝日町,,11021,164
2020000000,,2020年,0,,総数,24344,,川越町,,15123,543
2020000000,,2020年,0,,総数,24441,,多気町,,14021,138
2020000000,,2020年,0,,総数,24442,,明和町,,22445,176
2020000000,,2020年,0,,総数,24443,,大台町,,8668,103
2020000000,,2020年,0,,総数,24461,,玉城町,,15041,164
2020000000,,2020年,0,,総数,24470,,度会町,,7847,46
2020000000,,2020年,0,,総数,24471,,大紀町,,7815,83
2020000000,,2020年,0,,総数,24472,,南伊勢町,,10989,79
2020000000,,2020年,0,,総数,24543,,紀北町,,14604,275
2020000000,,2020年,0,,総数,24561,,御浜町,,8079,46
2020000000,,2020年,0,,総数,24562,,紀宝町,,10321,102
2020000000,,2020年,0,,総数,25000,,滋賀県,,1413610,28704
2020000000,,2020年,0,,総数,25201,,大津市,,345070,4035
2020000000,,2020年,0,,総数,25202,,彦根市,,113647,2274
2020000000,,2020年,0,,総数,25203,,長浜市,,113636,3253
2020000000,,2020年,0,,総数,25204,,近江八幡市,,81122,1376
2020000000,,2020年,0,,総数,25206,,草津市,,143913,2306
2020000000,,2020年,0,,総数,25207,,守山市,,83236,1025
2020000000,,2020年,0,,総数,25208,,栗東市,,68820,1297
2020000000,,2020年,0,,総数,25209,,甲賀市,,88358,3201
2020000000,,2020年,0,,総数,25210,,野洲市,,50513,599
2020000000,,2020年,0,,総数,25211,,湖南市,,54460,3083
2020000000,,2020年,0,,総数,25212,,高島市,,46377,462
2020000000,,2020年,0,,総数,25213,,東近江市,,112819,3536
2020000000,,2020年,0,,総数,25214,,米原市,,37225,524
2020000000,,2020年,0,,総数,25383,,日野町,,20964,557
2020000000,,2020年,0,,総数,25384,,竜王町,,11789,98
2020000000,,2020年,0,,総数,25425,,愛荘町,,20893,798
2020000000,,2020年,0,,総数,25441,,豊郷町,,7132,188
2020000000,,2020年,0,,総数,25442,,甲良町,,6362,55
2020000000,,2020年,0,,総数,25443,,多賀町,,7274,37
2020000000,,2020年,0,,総数,26000,,京都府,,2578087,52442
2020000000,,2020年,0,,総数,26100,,京都市,,1463723,39386
2020000000,,2020年,0,,総数,26101,,京都市北区,,117165,2380
2020000000,,2020年,0,,総数,26102,,京都市上京区,,83832,2725
2020000000,,2020年,0,,総数,26103,,京都市左京区,,166039,6288
2020000000,,2020年,0,,総数,26104,,京都市中京区,,110488,2453
2020000000,,2020年,0,,総数,26105,,京都市東山区,,36602,1008
2020000000,,2020年,0,,総数,26106,,京都市下京区,,82784,2300
2020000000,,2020年,0,,総数,26107,,京都市南区,,101970,5095
2020000000,,2020年,0,,総数,26108,,京都市右京区,,202047,4618
2020000000,,2020年,0,,総数,26109,,京都市伏見区,,277858,7916
2020000000,,2020年,0,,総数,26110,,京都市山科区,,135101,2085
2020000000,,2020年,0,,総数,26111,,京都市西京区,,149837,2518
2020000000,,2020年,0,,総数,26201,,福知山市,,77306,979
2020000000,,2020年,0,,総数,26202,,舞鶴市,,80336,836
2020000000,,2020年,0,,総数,26203,,綾部市,,31846,431
2020000000,,2020年,0,,総数,26204,,宇治市,,179630,2533
2020000000,,2020年,0,,総数,26205,,宮津市,,16758,126
2020000000,,2020年,0,,総数,26206,,亀岡市,,86174,836
2020000000,,2020年,0,,総数,26207,,城陽市,,74607,633
2020000000,,2020年,0,,総数,26208,,向日市,,56859,470
2020000000,,2020年,0,,総数,26209,,長岡京市,,80608,627
2020000000,,2020年,0,,総数,26210,,八幡市,,70433,1572
2020000000,,2020年,0,,総数,26211,,京田辺市,,73753,915
2020000000,,2020年,0,,総数,26212,,京丹後市,,50860,414
2020000000,,2020年,0,,総数,26213,,南丹市,,31629,325
2020000000,,2020年,0,,総数,26214,,木津川市,,77907,561
2020000000,,2020年,0,,総数,26303,,大山崎町,,15953,111
2020000000,,2020年,0,,総数,26322,,久御山町,,15250,513
2020000000,,2020年,0,,総数,26343,,井手町,,7406,206
2020000000,,2020年,0,,総数,26344,,宇治田原町,,8911,358
2020000000,,2020年,0,,総数,26364,,笠置町,,1144,3
2020000000,,2020年,0,,総数,26365,,和束町,,3478,16
2020000000,,2020年,0,,総数,26366,,精華町,,36198,316
2020000000,,2020年,0,,総数,26367,,南山城村,,2391,20
2020000000,,2020年,0,,総数,26407,,京丹波町,,12907,150
2020000000,,2020年,0,,総数,26463,,伊根町,,1928,8
2020000000,,2020年,0,,総数,26465,,与謝野町,,20092,97
2020000000,,2020年,0,,総数,27000,,大阪府,,8837685,208681
2020000000,,2020年,0,,総数,27100,,大阪市,,2752412,121586
2020000000,,2020年,0,,総数,27102,,大阪市都島区,,107904,2924
2020000000,,2020年,0,,総数,27103,,大阪市福島区,,79328,1438
2020000000,,2020年,0,,総数,27104,,大阪市此花区,,65251,1759
2020000000,,2020年,0,,総数,27106,,大阪市西区,,105862,3979
2020000000,,2020年,0,,総数,27107,,大阪市港区,,80948,2524
2020000000,,2020年,0,,総数,27108,,大阪市大正区,,62083,1391
2020000000,,2020年,0,,総数,27109,,大阪市天王寺区,,82148,4239
2020000000,,2020年,0,,総数,27111,,大阪市浪速区,,75504,8858
2020000000,,2020年,0,,総数,27113,,大阪市西淀川区,,95864,3594
2020000000,,2020年,0,,総数,27114,,大阪市東淀川区,,177120,6233
2020000000,,2020年,0,,総数,27115,,大阪市東成区,,84906,6123
2020000000,,2020年,0,,総数,27116,,大阪市生野区,,127309,23657
2020000000,,2020年,0,,総数,27117,,大阪市旭区,,89670,2043
2020000000,,2020年,0,,総数,27118,,大阪市城東区,,169043,4699
2020000000,,2020年,0,,総数,27119,,大阪市阿倍野区,,110995,2838
2020000000,,2020年,0,,総数,27120,,大阪市住吉区,,153056,3380
2020000000,,2020年,0,,総数,27121,,大阪市東住吉区,,127849,3015
2020000000,,2020年,0,,総数,27122,,大阪市西成区,,106111,7324
2020000000,,2020年,0,,総数,27123,,大阪市淀川区,,183444,6484
2020000000,,2020年,0,,総数,27124,,大阪市鶴見区,,112691,1879
2020000000,,2020年,0,,総数,27125,,大阪市住之江区,,120072,3669
2020000000,,2020年,0,,総数,27126,,大阪市平野区,,192152,7354
2020000000,,2020年,0,,総数,27127,,大阪市北区,,139376,4888
2020000000,,2020年,0,,総数,27128,,大阪市中央区,,103726,7294
2020000000,,2020年,0,,総数,27140,,堺市,,826161,12486
2020000000,,2020年,0,,総数,27141,,堺市堺区,,148682,4177
2020000000,,2020年,0,,総数,27142,,堺市中区,,121236,1213
2020000000,,2020年,0,,総数,27143,,堺市東区,,85043,728
2020000000,,2020年,0,,総数,27144,,堺市西区,,135375,1567
2020000000,,2020年,0,,総数,27145,,堺市南区,,138464,2460
2020000000,,2020年,0,,総数,27146,,堺市北区,,159757,1789
2020000000,,2020年,0,,総数,27147,,堺市美原区,,37604,552
2020000000,,2020年,0,,総数,27202,,岸和田市,,190658,2413
2020000000,,2020年,0,,総数,27203,,豊中市,,401558,5287
2020000000,,2020年,0,,総数,27204,,池田市,,104993,1882
2020000000,,2020年,0,,総数,27205,,吹田市,,385567,4718
2020000000,,2020年,0,,総数,27206,,泉大津市,,74412,1181
2020000000,,2020年,0,,総数,27207,,高槻市,,352698,3022
2020000000,,2020年,0,,総数,27208,,貝塚市,,84443,865
2020000000,,2020年,0,,総数,27209,,守口市,,143096,2223
2020000000,,2020年,0,,総数,27210,,枚方市,,397289,3090
2020000000,,2020年,0,,総数,27211,,茨木市,,287730,3216
2020000000,,2020年,0,,総数,27212,,八尾市,,264642,7104
2020000000,,2020年,0,,総数,27213,,泉佐野市,,100131,1735
2020000000,,2020年,0,,総数,27214,,富田林市,,108699,1311
2020000000,,2020年,0,,総数,27215,,寝屋川市,,229733,2626
2020000000,,2020年,0,,総数,27216,,河内長野市,,101692,617
2020000000,,2020年,0,,総数,27217,,松原市,,117641,1482
2020000000,,2020年,0,,総数,27218,,大東市,,119367,2528
2020000000,,2020年,0,,総数,27219,,和泉市,,184495,2263
2020000000,,2020年,0,,総数,27220,,箕面市,,136868,2373
2020000000,,2020年,0,,総数,27221,,柏原市,,68775,1280
2020000000,,2020年,0,,総数,27222,,羽曳野市,,108736,950
2020000000,,2020年,0,,総数,27223,,門真市,,119764,2833
2020000000,,2020年,0,,総数,27224,,摂津市,,87456,1382
2020000000,,2020年,0,,総数,27225,,高石市,,55635,465
2020000000,,2020年,0,,総数,27226,,藤井寺市,,63688,685
2020000000,,2020年,0,,総数,27227,,東大阪市,,493940,13235
2020000000,,2020年,0,,総数,27228,,泉南市,,60102,589
2020000000,,2020年,0,,総数,27229,,四條畷市,,55177,481
2020000000,,2020年,0,,総数,27230,,交野市,,75033,499
2020000000,,2020年,0,,総数,27231,,大阪狭山市,,58435,376
2020000000,,2020年,0,,総数,27232,,阪南市,,51254,342
2020000000,,2020年,0,,総数,27301,,島本町,,30927,224
2020000000,,2020年,0,,総数,27321,,豊能町,,18279,93
2020000000,,2020年,0,,総数,27322,,能勢町,,9079,95
2020000000,,2020年,0,,総数,27341,,忠岡町,,16567,437
2020000000,,2020年,0,,総数,27361,,熊取町,,43763,245
2020000000,,2020年,0,,総数,27362,,田尻町,,8434,104
2020000000,,2020年,0,,総数,27366,,岬町,,14741,91
2020000000,,2020年,0,,総数,27381,,太子町,,13009,111
2020000000,,2020年,0,,総数,27382,,河南町,,15697,141
2020000000,,2020年,0,,総数,27383,,千早赤阪村,,4909,15
2020000000,,2020年,0,,総数,28000,,兵庫県,,5465002,87280
2020000000,,2020年,0,,総数,28100,,神戸市,,1525152,33009
2020000000,,2020年,0,,総数,28101,,神戸市東灘区,,213562,4183
2020000000,,2020年,0,,総数,28102,,神戸市灘区,,136747,3139
2020000000,,2020年,0,,総数,28105,,神戸市兵庫区,,109144,3763
2020000000,,2020年,0,,総数,28106,,神戸市長田区,,94791,4917
2020000000,,2020年,0,,総数,28107,,神戸市須磨区,,158719,2792
2020000000,,2020年,0,,総数,28108,,神戸市垂水区,,215302,1972
2020000000,,2020年,0,,総数,28109,,神戸市北区,,210492,1816
2020000000,,2020年,0,,総数,28110,,神戸市中央区,,147518,8156
2020000000,,2020年,0,,総数,28111,,神戸市西区,,238877,2271
2020000000,,2020年,0,,総数,28201,,姫路市,,530495,10045
2020000000,,2020年,0,,総数,28202,,尼崎市,,459593,8420
2020000000,,2020年,0,,総数,28203,,明石市,,303601,3356
2020000000,,2020年,0,,総数,28204,,西宮市,,485587,6104
2020000000,,2020年,0,,総数,28205,,洲本市,,41236,284
2020000000,,2020年,0,,総数,28206,,芦屋市,,93922,1441
2020000000,,2020年,0,,総数,28207,,伊丹市,,198138,2802
2020000000,,2020年,0,,総数,28208,,相生市,,28355,400
2020000000,,2020年,0,,総数,28209,,豊岡市,,77489,633
2020000000,,2020年,0,,総数,28210,,加古川市,,260878,2520
2020000000,,2020年,0,,総数,28212,,赤穂市,,45892,352
2020000000,,2020年,0,,総数,28213,,西脇市,,38673,662
2020000000,,2020年,0,,総数,28214,,宝塚市,,226432,2535
2020000000,,2020年,0,,総数,28215,,三木市,,75294,1650
2020000000,,2020年,0,,総数,28216,,高砂市,,87722,1080
2020000000,,2020年,0,,総数,28217,,川西市,,152321,1182
2020000000,,2020年,0,,総数,28218,,小野市,,47562,828
2020000000,,2020年,0,,総数,28219,,三田市,,109238,776
2020000000,,2020年,0,,総数,28220,,加西市,,42700,1269
2020000000,,2020年,0,,総数,28221,,丹波篠山市,,39611,762
2020000000,,2020年,0,,総数,28222,,養父市,,22129,106
2020000000,,2020年,0,,総数,28223,,丹波市,,61471,928
2020000000,,2020年,0,,総数,28224,,南あわじ市,,44137,355
2020000000,,2020年,0,,総数,28225,,朝来市,,28989,323
2020000000,,2020年,0,,総数,28226,,淡路市,,41967,302
2020000000,,2020年,0,,総数,28227,,宍粟市,,34819,236
2020000000,,2020年,0,,総数,28228,,加東市,,40645,1726
2020000000,,2020年,0,,総数,28229,,たつの市,,74316,499
2020000000,,2020年,0,,総数,28301,,猪名川町,,29680,189
2020000000,,2020年,0,,総数,28365,,多可町,,19261,283
2020000000,,2020年,0,,総数,28381,,稲美町,,30268,405
2020000000,,2020年,0,,総数,28382,,播磨町,,33604,466
2020000000,,2020年,0,,総数,28442,,市川町,,11231,129
2020000000,,2020年,0,,総数,28443,,福崎町,,19377,445
2020000000,,2020年,0,,総数,28446,,神河町,,10616,62
2020000000,,2020年,0,,総数,28464,,太子町,,33477,231
2020000000,,2020年,0,,総数,28481,,上郡町,,13879,119
2020000000,,2020年,0,,総数,28501,,佐用町,,15863,143
2020000000,,2020年,0,,総数,28585,,香美町,,16064,99
2020000000,,2020年,0,,総数,28586,,新温泉町,,13318,124
2020000000,,2020年,0,,総数,29000,,奈良県,,1324473,11505
2020000000,,2020年,0,,総数,29201,,奈良市,,354630,3047
2020000000,,2020年,0,,総数,29202,,大和高田市,,61744,532
2020000000,,2020年,0,,総数,29203,,大和郡山市,,83285,666
2020000000,,2020年,0,,総数,29204,,天理市,,63889,740
2020000000,,2020年,0,,総数,29205,,橿原市,,120922,904
2020000000,,2020年,0,,総数,29206,,桜井市,,54857,597
2020000000,,2020年,0,,総数,29207,,五條市,,27927,280
2020000000,,2020年,0,,総数,29208,,御所市,,24096,266
2020000000,,2020年,0,,総数,29209,,生駒市,,116675,1213
2020000000,,2020年,0,,総数,29210,,香芝市,,78113,508
2020000000,,2020年,0,,総数,29211,,葛城市,,36832,349
2020000000,,2020年,0,,総数,29212,,宇陀市,,28121,238
2020000000,,2020年,0,,総数,29322,,山添村,,3226,34
2020000000,,2020年,0,,総数,29342,,平群町,,18009,99
2020000000,,2020年,0,,総数,29343,,三郷町,,23219,148
2020000000,,2020年,0,,総数,29344,,斑鳩町,,27587,181
2020000000,,2020年,0,,総数,29345,,安堵町,,7225,203
2020000000,,2020年,0,,総数,29361,,川西町,,8167,157
2020000000,,2020年,0,,総数,29362,,三宅町,,6439,83
2020000000,,2020年,0,,総数,29363,,田原本町,,31177,208
2020000000,,2020年,0,,総数,29385,,曽爾村,,1295,15
2020000000,,2020年,0,,総数,29386,,御杖村,,1479,9
2020000000,,2020年,0,,総数,29401,,高取町,,6729,9
2020000000,,2020年,0,,総数,29402,,明日香村,,5179,15
2020000000,,2020年,0,,総数,29424,,上牧町,,21714,137
2020000000,,2020年,0,,総数,29425,,王寺町,,24043,195
2020000000,,2020年,0,,総数,29426,,広陵町,,33810,178
2020000000,,2020年,0,,総数,29427,,河合町,,17018,111
2020000000,,2020年,0,,総数,29441,,吉野町,,6229,65
2020000000,,2020年,0,,総数,29442,,大淀町,,16728,207
2020000000,,2020年,0,,総数,29443,,下市町,,5037,37
2020000000,,2020年,0,,総数,29444,,黒滝村,,623,6
2020000000,,2020年,0,,総数,29446,,天川村,,1176,1
2020000000,,2020年,0,,総数,29447,,野迫川村,,357,6
2020000000,,2020年,0,,総数,29449,,十津川村,,3061,18
2020000000,,2020年,0,,総数,29450,,下北山村,,753,7
2020000000,,2020年,0,,総数,29451,,上北山村,,444,1
2020000000,,2020年,0,,総数,29452,,川上村,,1156,13
2020000000,,2020年,0,,総数,29453,,東吉野村,,1502,22
2020000000,,2020年,0,,総数,30000,,和歌山県,,922584,6029
2020000000,,2020年,0,,総数,30201,,和歌山市,,356729,3045
2020000000,,2020年,0,,総数,30202,,海南市,,48369,256
2020000000,,2020年,0,,総数,30203,,橋本市,,60818,313
2020000000,,2020年,0,,総数,30204,,有田市,,26538,137
2020000000,,2020年,0,,総数,30205,,御坊市,,23481,163
2020000000,,2020年,0,,総数,30206,,田辺市,,69870,252
2020000000,,2020年,0,,総数,30207,,新宮市,,27171,163
2020000000,,2020年,0,,総数,30208,,紀の川市,,58816,397
2020000000,,2020年,0,,総数,30209,,岩出市,,53967,383
2020000000,,2020年,0,,総数,30304,,紀美野町,,8256,35
2020000000,,2020年,0,,総数,30341,,かつらぎ町,,15967,77
2020000000,,2020年,0,,総数,30343,,九度山町,,3856,4
2020000000,,2020年,0,,総数,30344,,高野町,,2970,29
2020000000,,2020年,0,,総数,30361,,湯浅町,,11122,37
2020000000,,2020年,0,,総数,30362,,広川町,,6781,44
2020000000,,2020年,0,,総数,30366,,有田川町,,25258,76
2020000000,,2020年,0,,総数,30381,,美浜町,,6867,29
2020000000,,2020年,0,,総数,30382,,日高町,,7673,17
2020000000,,2020年,0,,総数,30383,,由良町,,5364,37
2020000000,,2020年,0,,総数,30390,,印南町,,7720,32
2020000000,,2020年,0,,総数,30391,,みなべ町,,11818,77
2020000000,,2020年,0,,総数,30392,,日高川町,,9219,33
2020000000,,2020年,0,,総数,30401,,白浜町,,20262,145
2020000000,,2020年,0,,総数,30404,,上富田町,,15236,38
2020000000,,2020年,0,,総数,30406,,すさみ町,,3685,22
2020000000,,2020年,0,,総数,30421,,那智勝浦町,,14137,107
2020000000,,2020年,0,,総数,30422,,太地町,,2791,10
2020000000,,2020年,0,,総数,30424,,古座川町,,2480,12
2020000000,,2020年,0,,総数,30427,,北山村,,404,NA
2020000000,,2020年,0,,総数,30428,,串本町,,14959,59
2020000000,,2020年,0,,総数,31000,,鳥取県,,553407,4310
2020000000,,2020年,0,,総数,31201,,鳥取市,,188465,1306
2020000000,,2020年,0,,総数,31202,,米子市,,147317,1170
2020000000,,2020年,0,,総数,31203,,倉吉市,,46485,303
2020000000,,2020年,0,,総数,31204,,境港市,,32740,482
2020000000,,2020年,0,,総数,31302,,岩美町,,10799,76
2020000000,,2020年,0,,総数,31325,,若桜町,,2864,30
2020000000,,2020年,0,,総数,31328,,智頭町,,6427,68
2020000000,,2020年,0,,総数,31329,,八頭町,,15937,69
2020000000,,2020年,0,,総数,31364,,三朝町,,6060,61
2020000000,,2020年,0,,総数,31370,,湯梨浜町,,16055,91
2020000000,,2020年,0,,総数,31371,,琴浦町,,16365,199
2020000000,,2020年,0,,総数,31372,,北栄町,,14228,104
2020000000,,2020年,0,,総数,31384,,日吉津村,,3501,32
2020000000,,2020年,0,,総数,31386,,大山町,,15370,119
2020000000,,2020年,0,,総数,31389,,南部町,,10323,92
2020000000,,2020年,0,,総数,31390,,伯耆町,,10696,47
2020000000,,2020年,0,,総数,31401,,日南町,,4196,28
2020000000,,2020年,0,,総数,31402,,日野町,,2907,23
2020000000,,2020年,0,,総数,31403,,江府町,,2672,10
2020000000,,2020年,0,,総数,32000,,島根県,,671126,8230
2020000000,,2020年,0,,総数,32201,,松江市,,203616,1336
2020000000,,2020年,0,,総数,32202,,浜田市,,54592,651
2020000000,,2020年,0,,総数,32203,,出雲市,,172775,4158
2020000000,,2020年,0,,総数,32204,,益田市,,45003,347
2020000000,,2020年,0,,総数,32205,,大田市,,32846,338
2020000000,,2020年,0,,総数,32206,,安来市,,37062,262
2020000000,,2020年,0,,総数,32207,,江津市,,22959,282
2020000000,,2020年,0,,総数,32209,,雲南市,,36007,212
2020000000,,2020年,0,,総数,32343,,奥出雲町,,11849,89
2020000000,,2020年,0,,総数,32386,,飯南町,,4577,42
2020000000,,2020年,0,,総数,32441,,川本町,,3248,19
2020000000,,2020年,0,,総数,32448,,美郷町,,4355,18
2020000000,,2020年,0,,総数,32449,,邑南町,,10163,84
2020000000,,2020年,0,,総数,32501,,津和野町,,6875,52
2020000000,,2020年,0,,総数,32505,,吉賀町,,6077,221
2020000000,,2020年,0,,総数,32525,,海士町,,2267,12
2020000000,,2020年,0,,総数,32526,,西ノ島町,,2788,31
2020000000,,2020年,0,,総数,32527,,知夫村,,634,3
2020000000,,2020年,0,,総数,32528,,隠岐の島町,,13433,73
2020000000,,2020年,0,,総数,33000,,岡山県,,1888432,25116
2020000000,,2020年,0,,総数,33100,,岡山市,,724691,11844
2020000000,,2020年,0,,総数,33101,,岡山市北区,,314523,6307
2020000000,,2020年,0,,総数,33102,,岡山市中区,,149232,2072
2020000000,,2020年,0,,総数,33103,,岡山市東区,,93108,1420
2020000000,,2020年,0,,総数,33104,,岡山市南区,,167828,2045
2020000000,,2020年,0,,総数,33202,,倉敷市,,474592,4361
2020000000,,2020年,0,,総数,33203,,津山市,,99937,832
2020000000,,2020年,0,,総数,33204,,玉野市,,56531,615
2020000000,,2020年,0,,総数,33205,,笠岡市,,46088,490
2020000000,,2020年,0,,総数,33207,,井原市,,38384,512
2020000000,,2020年,0,,総数,33208,,総社市,,69030,1593
2020000000,,2020年,0,,総数,33209,,高梁市,,29072,900
2020000000,,2020年,0,,総数,33210,,新見市,,28079,271
2020000000,,2020年,0,,総数,33211,,備前市,,32320,548
2020000000,,2020年,0,,総数,33212,,瀬戸内市,,36048,420
2020000000,,2020年,0,,総数,33213,,赤磐市,,42661,483
2020000000,,2020年,0,,総数,33214,,真庭市,,42725,291
2020000000,,2020年,0,,総数,33215,,美作市,,25939,380
2020000000,,2020年,0,,総数,33216,,浅口市,,32772,225
2020000000,,2020年,0,,総数,33346,,和気町,,13623,248
2020000000,,2020年,0,,総数,33423,,早島町,,12368,67
2020000000,,2020年,0,,総数,33445,,里庄町,,10950,155
2020000000,,2020年,0,,総数,33461,,矢掛町,,13414,368
2020000000,,2020年,0,,総数,33586,,新庄村,,813,11
2020000000,,2020年,0,,総数,33606,,鏡野町,,12062,84
2020000000,,2020年,0,,総数,33622,,勝央町,,10888,46
2020000000,,2020年,0,,総数,33623,,奈義町,,5578,26
2020000000,,2020年,0,,総数,33643,,西粟倉村,,1398,6
2020000000,,2020年,0,,総数,33663,,久米南町,,4530,37
2020000000,,2020年,0,,総数,33666,,美咲町,,13053,75
2020000000,,2020年,0,,総数,33681,,吉備中央町,,10886,228
2020000000,,2020年,0,,総数,34000,,広島県,,2799702,47733
2020000000,,2020年,0,,総数,34100,,広島市,,1200754,17500
2020000000,,2020年,0,,総数,34101,,広島市中区,,142699,3925
2020000000,,2020年,0,,総数,34102,,広島市東区,,119353,1740
2020000000,,2020年,0,,総数,34103,,広島市南区,,145805,1934
2020000000,,2020年,0,,総数,34104,,広島市西区,,190232,3482
2020000000,,2020年,0,,総数,34105,,広島市安佐南区,,247020,1999
2020000000,,2020年,0,,総数,34106,,広島市安佐北区,,138979,1865
2020000000,,2020年,0,,総数,34107,,広島市安芸区,,77103,1465
2020000000,,2020年,0,,総数,34108,,広島市佐伯区,,139563,1090
2020000000,,2020年,0,,総数,34202,,呉市,,214592,3022
2020000000,,2020年,0,,総数,34203,,竹原市,,23993,228
2020000000,,2020年,0,,総数,34204,,三原市,,90573,2130
2020000000,,2020年,0,,総数,34205,,尾道市,,131170,2718
2020000000,,2020年,0,,総数,34207,,福山市,,460930,8231
2020000000,,2020年,0,,総数,34208,,府中市,,37655,562
2020000000,,2020年,0,,総数,34209,,三次市,,50681,628
2020000000,,2020年,0,,総数,34210,,庄原市,,33633,400
2020000000,,2020年,0,,総数,34211,,大竹市,,26319,320
2020000000,,2020年,0,,総数,34212,,東広島市,,196608,6626
2020000000,,2020年,0,,総数,34213,,廿日市市,,114173,1244
2020000000,,2020年,0,,総数,34214,,安芸高田市,,26448,696
2020000000,,2020年,0,,総数,34215,,江田島市,,21930,584
2020000000,,2020年,0,,総数,34302,,府中町,,51155,615
2020000000,,2020年,0,,総数,34304,,海田町,,29636,831
2020000000,,2020年,0,,総数,34307,,熊野町,,22834,200
2020000000,,2020年,0,,総数,34309,,坂町,,12582,182
2020000000,,2020年,0,,総数,34368,,安芸太田町,,5740,42
2020000000,,2020年,0,,総数,34369,,北広島町,,17763,485
2020000000,,2020年,0,,総数,34431,,大崎上島町,,7158,146
2020000000,,2020年,0,,総数,34462,,世羅町,,15125,255
2020000000,,2020年,0,,総数,34545,,神石高原町,,8250,88
2020000000,,2020年,0,,総数,35000,,山口県,,1342059,14378
2020000000,,2020年,0,,総数,35201,,下関市,,255051,3872
2020000000,,2020年,0,,総数,35202,,宇部市,,162570,1682
2020000000,,2020年,0,,総数,35203,,山口市,,193966,1547
2020000000,,2020年,0,,総数,35204,,萩市,,44626,380
2020000000,,2020年,0,,総数,35206,,防府市,,113979,1175
2020000000,,2020年,0,,総数,35207,,下松市,,55887,561
2020000000,,2020年,0,,総数,35208,,岩国市,,129125,1769
2020000000,,2020年,0,,総数,35210,,光市,,49798,436
2020000000,,2020年,0,,総数,35211,,長門市,,32519,457
2020000000,,2020年,0,,総数,35212,,柳井市,,30799,164
2020000000,,2020年,0,,総数,35213,,美祢市,,23247,195
2020000000,,2020年,0,,総数,35215,,周南市,,137540,1162
2020000000,,2020年,0,,総数,35216,,山陽小野田市,,60326,627
2020000000,,2020年,0,,総数,35305,,周防大島町,,14798,99
2020000000,,2020年,0,,総数,35321,,和木町,,6034,77
2020000000,,2020年,0,,総数,35341,,上関町,,2342,4
2020000000,,2020年,0,,総数,35343,,田布施町,,14483,59
2020000000,,2020年,0,,総数,35344,,平生町,,11914,86
2020000000,,2020年,0,,総数,35502,,阿武町,,3055,26
2020000000,,2020年,0,,総数,36000,,徳島県,,719559,5033
2020000000,,2020年,0,,総数,36201,,徳島市,,252391,1506
2020000000,,2020年,0,,総数,36202,,鳴門市,,54622,309
2020000000,,2020年,0,,総数,36203,,小松島市,,36149,196
2020000000,,2020年,0,,総数,36204,,阿南市,,69470,292
2020000000,,2020年,0,,総数,36205,,吉野川市,,38772,306
2020000000,,2020年,0,,総数,36206,,阿波市,,34713,390
2020000000,,2020年,0,,総数,36207,,美馬市,,28055,403
2020000000,,2020年,0,,総数,36208,,三好市,,23605,187
2020000000,,2020年,0,,総数,36301,,勝浦町,,4837,31
2020000000,,2020年,0,,総数,36302,,上勝町,,1380,5
2020000000,,2020年,0,,総数,36321,,佐那河内村,,2058,5
2020000000,,2020年,0,,総数,36341,,石井町,,24833,237
2020000000,,2020年,0,,総数,36342,,神山町,,4647,54
2020000000,,2020年,0,,総数,36368,,那賀町,,7367,12
2020000000,,2020年,0,,総数,36383,,牟岐町,,3743,21
2020000000,,2020年,0,,総数,36387,,美波町,,6222,54
2020000000,,2020年,0,,総数,36388,,海陽町,,8358,213
2020000000,,2020年,0,,総数,36401,,松茂町,,14583,114
2020000000,,2020年,0,,総数,36402,,北島町,,22745,112
2020000000,,2020年,0,,総数,36403,,藍住町,,35246,193
2020000000,,2020年,0,,総数,36404,,板野町,,13042,162
2020000000,,2020年,0,,総数,36405,,上板町,,11384,112
2020000000,,2020年,0,,総数,36468,,つるぎ町,,7715,30
2020000000,,2020年,0,,総数,36489,,東みよし町,,13622,89
2020000000,,2020年,0,,総数,37000,,香川県,,950244,10854
2020000000,,2020年,0,,総数,37201,,高松市,,417496,3577
2020000000,,2020年,0,,総数,37202,,丸亀市,,109513,1830
2020000000,,2020年,0,,総数,37203,,坂出市,,50624,814
2020000000,,2020年,0,,総数,37204,,善通寺市,,31631,260
2020000000,,2020年,0,,総数,37205,,観音寺市,,57438,739
2020000000,,2020年,0,,総数,37206,,さぬき市,,47003,383
2020000000,,2020年,0,,総数,37207,,東かがわ市,,28279,235
2020000000,,2020年,0,,総数,37208,,三豊市,,61857,719
2020000000,,2020年,0,,総数,37322,,土庄町,,12846,78
2020000000,,2020年,0,,総数,37324,,小豆島町,,13870,134
2020000000,,2020年,0,,総数,37341,,三木町,,26878,201
2020000000,,2020年,0,,総数,37364,,直島町,,3103,29
2020000000,,2020年,0,,総数,37386,,宇多津町,,18699,404
2020000000,,2020年,0,,総数,37387,,綾川町,,22693,284
2020000000,,2020年,0,,総数,37403,,琴平町,,8468,168
2020000000,,2020年,0,,総数,37404,,多度津町,,22445,816
2020000000,,2020年,0,,総数,37406,,まんのう町,,17401,183
2020000000,,2020年,0,,総数,38000,,愛媛県,,1334841,11159
2020000000,,2020年,0,,総数,38201,,松山市,,511192,2672
2020000000,,2020年,0,,総数,38202,,今治市,,151672,3043
2020000000,,2020年,0,,総数,38203,,宇和島市,,70809,365
2020000000,,2020年,0,,総数,38204,,八幡浜市,,31987,210
2020000000,,2020年,0,,総数,38205,,新居浜市,,115938,1206
2020000000,,2020年,0,,総数,38206,,西条市,,104791,1299
2020000000,,2020年,0,,総数,38207,,大洲市,,40575,169
2020000000,,2020年,0,,総数,38210,,伊予市,,35133,211
2020000000,,2020年,0,,総数,38213,,四国中央市,,82754,719
2020000000,,2020年,0,,総数,38214,,西予市,,35388,274
2020000000,,2020年,0,,総数,38215,,東温市,,33903,168
2020000000,,2020年,0,,総数,38356,,上島町,,6509,306
2020000000,,2020年,0,,総数,38386,,久万高原町,,7404,34
2020000000,,2020年,0,,総数,38401,,松前町,,29630,141
2020000000,,2020年,0,,総数,38402,,砥部町,,20480,73
2020000000,,2020年,0,,総数,38422,,内子町,,15322,53
2020000000,,2020年,0,,総数,38442,,伊方町,,8397,67
2020000000,,2020年,0,,総数,38484,,松野町,,3674,18
2020000000,,2020年,0,,総数,38488,,鬼北町,,9682,86
2020000000,,2020年,0,,総数,38506,,愛南町,,19601,45
2020000000,,2020年,0,,総数,39000,,高知県,,691527,4220
2020000000,,2020年,0,,総数,39201,,高知市,,326545,1493
2020000000,,2020年,0,,総数,39202,,室戸市,,11742,91
2020000000,,2020年,0,,総数,39203,,安芸市,,16243,67
2020000000,,2020年,0,,総数,39204,,南国市,,46664,275
2020000000,,2020年,0,,総数,39205,,土佐市,,25732,348
2020000000,,2020年,0,,総数,39206,,須崎市,,20590,390
2020000000,,2020年,0,,総数,39208,,宿毛市,,19033,68
2020000000,,2020年,0,,総数,39209,,土佐清水市,,12388,79
2020000000,,2020年,0,,総数,39210,,四万十市,,32694,93
2020000000,,2020年,0,,総数,39211,,香南市,,32207,289
2020000000,,2020年,0,,総数,39212,,香美市,,26513,287
2020000000,,2020年,0,,総数,39301,,東洋町,,2194,41
2020000000,,2020年,0,,総数,39302,,奈半利町,,3034,11
2020000000,,2020年,0,,総数,39303,,田野町,,2498,7
2020000000,,2020年,0,,総数,39304,,安田町,,2370,5
2020000000,,2020年,0,,総数,39305,,北川村,,1146,3
2020000000,,2020年,0,,総数,39306,,馬路村,,745,2
2020000000,,2020年,0,,総数,39307,,芸西村,,3694,74
2020000000,,2020年,0,,総数,39341,,本山町,,3261,22
2020000000,,2020年,0,,総数,39344,,大豊町,,3252,33
2020000000,,2020年,0,,総数,39363,,土佐町,,3753,33
2020000000,,2020年,0,,総数,39364,,大川村,,366,1
2020000000,,2020年,0,,総数,39386,,いの町,,21374,38
2020000000,,2020年,0,,総数,39387,,仁淀川町,,4827,38
2020000000,,2020年,0,,総数,39401,,中土佐町,,6002,42
2020000000,,2020年,0,,総数,39402,,佐川町,,12323,56
2020000000,,2020年,0,,総数,39403,,越知町,,5187,16
2020000000,,2020年,0,,総数,39405,,檮原町,,3307,5
2020000000,,2020年,0,,総数,39410,,日高村,,4812,18
2020000000,,2020年,0,,総数,39411,,津野町,,5291,28
2020000000,,2020年,0,,総数,39412,,四万十町,,15607,84
2020000000,,2020年,0,,総数,39424,,大月町,,4434,19
2020000000,,2020年,0,,総数,39427,,三原村,,1437,13
2020000000,,2020年,0,,総数,39428,,黒潮町,,10262,151
2020000000,,2020年,0,,総数,40000,,福岡県,,5135214,66699
2020000000,,2020年,0,,総数,40100,,北九州市,,939029,10815
2020000000,,2020年,0,,総数,40101,,北九州市門司区,,93842,698
2020000000,,2020年,0,,総数,40103,,北九州市若松区,,80533,1088
2020000000,,2020年,0,,総数,40105,,北九州市戸畑区,,57494,664
2020000000,,2020年,0,,総数,40106,,北九州市小倉北区,,183407,3599
2020000000,,2020年,0,,総数,40107,,北九州市小倉南区,,209028,1431
2020000000,,2020年,0,,総数,40108,,北九州市八幡東区,,64792,701
2020000000,,2020年,0,,総数,40109,,北九州市八幡西区,,249933,2634
2020000000,,2020年,0,,総数,40130,,福岡市,,1612392,31904
2020000000,,2020年,0,,総数,40131,,福岡市東区,,322503,9573
2020000000,,2020年,0,,総数,40132,,福岡市博多区,,252034,6932
2020000000,,2020年,0,,総数,40133,,福岡市中央区,,205501,3842
2020000000,,2020年,0,,総数,40134,,福岡市南区,,265583,5429
2020000000,,2020年,0,,総数,40135,,福岡市西区,,212579,2600
2020000000,,2020年,0,,総数,40136,,福岡市城南区,,132864,1155
2020000000,,2020年,0,,総数,40137,,福岡市早良区,,221328,2373
2020000000,,2020年,0,,総数,40202,,大牟田市,,111281,662
2020000000,,2020年,0,,総数,40203,,久留米市,,303316,2895
2020000000,,2020年,0,,総数,40204,,直方市,,56212,566
2020000000,,2020年,0,,総数,40205,,飯塚市,,126364,1211
2020000000,,2020年,0,,総数,40206,,田川市,,46203,401
2020000000,,2020年,0,,総数,40207,,柳川市,,64475,534
2020000000,,2020年,0,,総数,40210,,八女市,,60608,436
2020000000,,2020年,0,,総数,40211,,筑後市,,48827,495
2020000000,,2020年,0,,総数,40212,,大川市,,32988,218
2020000000,,2020年,0,,総数,40213,,行橋市,,71426,557
2020000000,,2020年,0,,総数,40214,,豊前市,,24391,326
2020000000,,2020年,0,,総数,40215,,中間市,,40362,337
2020000000,,2020年,0,,総数,40216,,小郡市,,59360,869
2020000000,,2020年,0,,総数,40217,,筑紫野市,,103311,533
2020000000,,2020年,0,,総数,40218,,春日市,,111023,766
2020000000,,2020年,0,,総数,40219,,大野城市,,102085,783
2020000000,,2020年,0,,総数,40220,,宗像市,,97095,726
2020000000,,2020年,0,,総数,40221,,太宰府市,,73164,445
2020000000,,2020年,0,,総数,40223,,古賀市,,58786,781
2020000000,,2020年,0,,総数,40224,,福津市,,67033,394
2020000000,,2020年,0,,総数,40225,,うきは市,,27981,241
2020000000,,2020年,0,,総数,40226,,宮若市,,26298,362
2020000000,,2020年,0,,総数,40227,,嘉麻市,,35473,258
2020000000,,2020年,0,,総数,40228,,朝倉市,,50273,658
2020000000,,2020年,0,,総数,40229,,みやま市,,35861,260
2020000000,,2020年,0,,総数,40230,,糸島市,,98877,1160
2020000000,,2020年,0,,総数,40231,,那珂川市,,50112,285
2020000000,,2020年,0,,総数,40341,,宇美町,,37671,486
2020000000,,2020年,0,,総数,40342,,篠栗町,,31209,178
2020000000,,2020年,0,,総数,40343,,志免町,,46377,602
2020000000,,2020年,0,,総数,40344,,須恵町,,28628,255
2020000000,,2020年,0,,総数,40345,,新宮町,,32927,430
2020000000,,2020年,0,,総数,40348,,久山町,,9068,247
2020000000,,2020年,0,,総数,40349,,粕屋町,,48190,614
2020000000,,2020年,0,,総数,40381,,芦屋町,,13545,85
2020000000,,2020年,0,,総数,40382,,水巻町,,28114,418
2020000000,,2020年,0,,総数,40383,,岡垣町,,31007,166
2020000000,,2020年,0,,総数,40384,,遠賀町,,18723,197
2020000000,,2020年,0,,総数,40401,,小竹町,,7151,196
2020000000,,2020年,0,,総数,40402,,鞍手町,,15080,189
2020000000,,2020年,0,,総数,40421,,桂川町,,12878,102
2020000000,,2020年,0,,総数,40447,,筑前町,,29591,225
2020000000,,2020年,0,,総数,40448,,東峰村,,1899,11
2020000000,,2020年,0,,総数,40503,,大刀洗町,,15521,316
2020000000,,2020年,0,,総数,40522,,大木町,,13820,120
2020000000,,2020年,0,,総数,40544,,広川町,,19969,270
2020000000,,2020年,0,,総数,40601,,香春町,,10191,49
2020000000,,2020年,0,,総数,40602,,添田町,,8801,9
2020000000,,2020年,0,,総数,40604,,糸田町,,8407,38
2020000000,,2020年,0,,総数,40605,,川崎町,,15176,99
2020000000,,2020年,0,,総数,40608,,大任町,,5008,9
2020000000,,2020年,0,,総数,40609,,赤村,,2774,3
2020000000,,2020年,0,,総数,40610,,福智町,,21398,121
2020000000,,2020年,0,,総数,40621,,苅田町,,37684,1050
2020000000,,2020年,0,,総数,40625,,みやこ町,,18825,147
2020000000,,2020年,0,,総数,40642,,吉富町,,6536,58
2020000000,,2020年,0,,総数,40646,,上毛町,,7251,34
2020000000,,2020年,0,,総数,40647,,築上町,,17189,97
2020000000,,2020年,0,,総数,41000,,佐賀県,,811442,5940
2020000000,,2020年,0,,総数,41201,,佐賀市,,233301,1425
2020000000,,2020年,0,,総数,41202,,唐津市,,117373,722
2020000000,,2020年,0,,総数,41203,,鳥栖市,,74196,1064
2020000000,,2020年,0,,総数,41204,,多久市,,18295,165
2020000000,,2020年,0,,総数,41205,,伊万里市,,52629,447
2020000000,,2020年,0,,総数,41206,,武雄市,,47914,209
2020000000,,2020年,0,,総数,41207,,鹿島市,,27892,157
2020000000,,2020年,0,,総数,41208,,小城市,,43952,274
2020000000,,2020年,0,,総数,41209,,嬉野市,,25848,157
2020000000,,2020年,0,,総数,41210,,神埼市,,31022,206
2020000000,,2020年,0,,総数,41327,,吉野ヶ里町,,16323,192
2020000000,,2020年,0,,総数,41341,,基山町,,17250,247
2020000000,,2020年,0,,総数,41345,,上峰町,,9286,56
2020000000,,2020年,0,,総数,41346,,みやき町,,25511,171
2020000000,,2020年,0,,総数,41387,,玄海町,,5609,8
2020000000,,2020年,0,,総数,41401,,有田町,,19010,144
2020000000,,2020年,0,,総数,41423,,大町町,,6293,16
2020000000,,2020年,0,,総数,41424,,江北町,,9566,67
2020000000,,2020年,0,,総数,41425,,白石町,,22051,156
2020000000,,2020年,0,,総数,41441,,太良町,,8121,57
2020000000,,2020年,0,,総数,42000,,長崎県,,1312317,8316
2020000000,,2020年,0,,総数,42201,,長崎市,,409118,2601
2020000000,,2020年,0,,総数,42202,,佐世保市,,243223,1611
2020000000,,2020年,0,,総数,42203,,島原市,,43338,361
2020000000,,2020年,0,,総数,42204,,諫早市,,133852,866
2020000000,,2020年,0,,総数,42205,,大村市,,95397,362
2020000000,,2020年,0,,総数,42207,,平戸市,,29365,154
2020000000,,2020年,0,,総数,42208,,松浦市,,21271,233
2020000000,,2020年,0,,総数,42209,,対馬市,,28502,150
2020000000,,2020年,0,,総数,42210,,壱岐市,,24948,79
2020000000,,2020年,0,,総数,42211,,五島市,,34391,128
2020000000,,2020年,0,,総数,42212,,西海市,,26275,458
2020000000,,2020年,0,,総数,42213,,雲仙市,,41096,423
2020000000,,2020年,0,,総数,42214,,南島原市,,42330,259
2020000000,,2020年,0,,総数,42307,,長与町,,40780,162
2020000000,,2020年,0,,総数,42308,,時津町,,29339,201
2020000000,,2020年,0,,総数,42321,,東彼杵町,,7721,42
2020000000,,2020年,0,,総数,42322,,川棚町,,13377,98
2020000000,,2020年,0,,総数,42323,,波佐見町,,14291,29
2020000000,,2020年,0,,総数,42383,,小値賀町,,2288,6
2020000000,,2020年,0,,総数,42391,,佐々町,,13912,48
2020000000,,2020年,0,,総数,42411,,新上五島町,,17503,45
2020000000,,2020年,0,,総数,43000,,熊本県,,1738301,14591
2020000000,,2020年,0,,総数,43100,,熊本市,,738865,5421
2020000000,,2020年,0,,総数,43101,,熊本市中央区,,187502,2168
2020000000,,2020年,0,,総数,43102,,熊本市東区,,189524,1090
2020000000,,2020年,0,,総数,43103,,熊本市西区,,91177,645
2020000000,,2020年,0,,総数,43104,,熊本市南区,,130829,694
2020000000,,2020年,0,,総数,43105,,熊本市北区,,139833,824
2020000000,,2020年,0,,総数,43202,,八代市,,123067,2036
2020000000,,2020年,0,,総数,43203,,人吉市,,31108,175
2020000000,,2020年,0,,総数,43204,,荒尾市,,50832,305
2020000000,,2020年,0,,総数,43205,,水俣市,,23557,66
2020000000,,2020年,0,,総数,43206,,玉名市,,64292,841
2020000000,,2020年,0,,総数,43208,,山鹿市,,49025,354
2020000000,,2020年,0,,総数,43210,,菊池市,,46416,591
2020000000,,2020年,0,,総数,43211,,宇土市,,36122,194
2020000000,,2020年,0,,総数,43212,,上天草市,,24563,95
2020000000,,2020年,0,,総数,43213,,宇城市,,57032,459
2020000000,,2020年,0,,総数,43214,,阿蘇市,,24930,394
2020000000,,2020年,0,,総数,43215,,天草市,,75783,320
2020000000,,2020年,0,,総数,43216,,合志市,,61772,245
2020000000,,2020年,0,,総数,43348,,美里町,,9392,63
2020000000,,2020年,0,,総数,43364,,玉東町,,5045,26
2020000000,,2020年,0,,総数,43367,,南関町,,8979,147
2020000000,,2020年,0,,総数,43368,,長洲町,,15372,592
2020000000,,2020年,0,,総数,43369,,和水町,,9342,39
2020000000,,2020年,0,,総数,43403,,大津町,,35187,383
2020000000,,2020年,0,,総数,43404,,菊陽町,,43337,389
2020000000,,2020年,0,,総数,43423,,南小国町,,3750,71
2020000000,,2020年,0,,総数,43424,,小国町,,6590,41
2020000000,,2020年,0,,総数,43425,,産山村,,1382,27
2020000000,,2020年,0,,総数,43428,,高森町,,5789,62
2020000000,,2020年,0,,総数,43432,,西原村,,6426,87
2020000000,,2020年,0,,総数,43433,,南阿蘇村,,9836,93
2020000000,,2020年,0,,総数,43441,,御船町,,16303,71
2020000000,,2020年,0,,総数,43442,,嘉島町,,9547,104
2020000000,,2020年,0,,総数,43443,,益城町,,32510,133
2020000000,,2020年,0,,総数,43444,,甲佐町,,10132,59
2020000000,,2020年,0,,総数,43447,,山都町,,13503,103
2020000000,,2020年,0,,総数,43468,,氷川町,,11094,155
2020000000,,2020年,0,,総数,43482,,芦北町,,15681,31
2020000000,,2020年,0,,総数,43484,,津奈木町,,4254,7
2020000000,,2020年,0,,総数,43501,,錦町,,10288,49
2020000000,,2020年,0,,総数,43505,,多良木町,,9076,60
2020000000,,2020年,0,,総数,43506,,湯前町,,3627,5
2020000000,,2020年,0,,総数,43507,,水上村,,2033,7
2020000000,,2020年,0,,総数,43510,,相良村,,4070,15
2020000000,,2020年,0,,総数,43511,,五木村,,931,3
2020000000,,2020年,0,,総数,43512,,山江村,,3238,5
2020000000,,2020年,0,,総数,43513,,球磨村,,2433,1
2020000000,,2020年,0,,総数,43514,,あさぎり町,,14676,203
2020000000,,2020年,0,,総数,43531,,苓北町,,7114,64
2020000000,,2020年,0,,総数,44000,,大分県,,1123852,10168
2020000000,,2020年,0,,総数,44201,,大分市,,475614,2661
2020000000,,2020年,0,,総数,44202,,別府市,,115321,2431
2020000000,,2020年,0,,総数,44203,,中津市,,82863,1329
2020000000,,2020年,0,,総数,44204,,日田市,,62657,412
2020000000,,2020年,0,,総数,44205,,佐伯市,,66851,305
2020000000,,2020年,0,,総数,44206,,臼杵市,,36158,313
2020000000,,2020年,0,,総数,44207,,津久見市,,16100,34
2020000000,,2020年,0,,総数,44208,,竹田市,,20332,239
2020000000,,2020年,0,,総数,44209,,豊後高田市,,22112,615
2020000000,,2020年,0,,総数,44210,,杵築市,,27999,162
2020000000,,2020年,0,,総数,44211,,宇佐市,,52771,586
2020000000,,2020年,0,,総数,44212,,豊後大野市,,33695,209
2020000000,,2020年,0,,総数,44213,,由布市,,32772,324
2020000000,,2020年,0,,総数,44214,,国東市,,26232,238
2020000000,,2020年,0,,総数,44322,,姫島村,,1725,3
2020000000,,2020年,0,,総数,44341,,日出町,,27723,121
2020000000,,2020年,0,,総数,44461,,九重町,,8541,86
2020000000,,2020年,0,,総数,44462,,玖珠町,,14386,100
2020000000,,2020年,0,,総数,45000,,宮崎県,,1069576,6474
2020000000,,2020年,0,,総数,45201,,宮崎市,,401339,2109
2020000000,,2020年,0,,総数,45202,,都城市,,160640,1396
2020000000,,2020年,0,,総数,45203,,延岡市,,118394,445
2020000000,,2020年,0,,総数,45204,,日南市,,50848,401
2020000000,,2020年,0,,総数,45205,,小林市,,43670,487
2020000000,,2020年,0,,総数,45206,,日向市,,59629,348
2020000000,,2020年,0,,総数,45207,,串間市,,16822,73
2020000000,,2020年,0,,総数,45208,,西都市,,28610,88
2020000000,,2020年,0,,総数,45209,,えびの市,,17638,133
2020000000,,2020年,0,,総数,45341,,三股町,,25591,153
2020000000,,2020年,0,,総数,45361,,高原町,,8639,20
2020000000,,2020年,0,,総数,45382,,国富町,,18398,130
2020000000,,2020年,0,,総数,45383,,綾町,,6934,17
2020000000,,2020年,0,,総数,45401,,高鍋町,,19922,58
2020000000,,2020年,0,,総数,45402,,新富町,,16564,154
2020000000,,2020年,0,,総数,45403,,西米良村,,1000,1
2020000000,,2020年,0,,総数,45404,,木城町,,4895,6
2020000000,,2020年,0,,総数,45405,,川南町,,15194,237
2020000000,,2020年,0,,総数,45406,,都農町,,9906,61
2020000000,,2020年,0,,総数,45421,,門川町,,17379,95
2020000000,,2020年,0,,総数,45429,,諸塚村,,1486,2
2020000000,,2020年,0,,総数,45430,,椎葉村,,2503,4
2020000000,,2020年,0,,総数,45431,,美郷町,,4826,12
2020000000,,2020年,0,,総数,45441,,高千穂町,,11642,32
2020000000,,2020年,0,,総数,45442,,日之影町,,3635,3
2020000000,,2020年,0,,総数,45443,,五ヶ瀬町,,3472,9
2020000000,,2020年,0,,総数,46000,,鹿児島県,,1588256,10037
2020000000,,2020年,0,,総数,46201,,鹿児島市,,593128,2432
2020000000,,2020年,0,,総数,46203,,鹿屋市,,101096,541
2020000000,,2020年,0,,総数,46204,,枕崎市,,20033,373
2020000000,,2020年,0,,総数,46206,,阿久根市,,19270,108
2020000000,,2020年,0,,総数,46208,,出水市,,51994,763
2020000000,,2020年,0,,総数,46210,,指宿市,,39011,337
2020000000,,2020年,0,,総数,46213,,西之表市,,14708,77
2020000000,,2020年,0,,総数,46214,,垂水市,,13819,264
2020000000,,2020年,0,,総数,46215,,薩摩川内市,,92403,472
2020000000,,2020年,0,,総数,46216,,日置市,,47153,315
2020000000,,2020年,0,,総数,46217,,曽於市,,33310,362
2020000000,,2020年,0,,総数,46218,,霧島市,,123135,655
2020000000,,2020年,0,,総数,46219,,いちき串木野市,,27490,206
2020000000,,2020年,0,,総数,46220,,南さつま市,,32887,217
2020000000,,2020年,0,,総数,46221,,志布志市,,29329,328
2020000000,,2020年,0,,総数,46222,,奄美市,,41390,102
2020000000,,2020年,0,,総数,46223,,南九州市,,33080,369
2020000000,,2020年,0,,総数,46224,,伊佐市,,24453,120
2020000000,,2020年,0,,総数,46225,,姶良市,,76348,351
2020000000,,2020年,0,,総数,46303,,三島村,,405,3
2020000000,,2020年,0,,総数,46304,,十島村,,740,9
2020000000,,2020年,0,,総数,46392,,さつま町,,20243,403
2020000000,,2020年,0,,総数,46404,,長島町,,9705,78
2020000000,,2020年,0,,総数,46452,,湧水町,,9119,88
2020000000,,2020年,0,,総数,46468,,大崎町,,12385,303
2020000000,,2020年,0,,総数,46482,,東串良町,,6237,126
2020000000,,2020年,0,,総数,46490,,錦江町,,6944,69
2020000000,,2020年,0,,総数,46491,,南大隅町,,6481,23
2020000000,,2020年,0,,総数,46492,,肝付町,,14227,68
2020000000,,2020年,0,,総数,46501,,中種子町,,7539,19
2020000000,,2020年,0,,総数,46502,,南種子町,,5445,13
2020000000,,2020年,0,,総数,46505,,屋久島町,,11858,101
2020000000,,2020年,0,,総数,46523,,大和村,,1364,1
2020000000,,2020年,0,,総数,46524,,宇検村,,1621,4
2020000000,,2020年,0,,総数,46525,,瀬戸内町,,8546,14
2020000000,,2020年,0,,総数,46527,,龍郷町,,5817,17
2020000000,,2020年,0,,総数,46529,,喜界町,,6629,38
2020000000,,2020年,0,,総数,46530,,徳之島町,,10147,41
2020000000,,2020年,0,,総数,46531,,天城町,,5517,30
2020000000,,2020年,0,,総数,46532,,伊仙町,,6139,24
2020000000,,2020年,0,,総数,46533,,和泊町,,6246,108
2020000000,,2020年,0,,総数,46534,,知名町,,5750,53
2020000000,,2020年,0,,総数,46535,,与論町,,5115,12
2020000000,,2020年,0,,総数,47000,,沖縄県,,1467480,18157
2020000000,,2020年,0,,総数,47201,,那覇市,,317625,4575
2020000000,,2020年,0,,総数,47205,,宜野湾市,,100125,1572
2020000000,,2020年,0,,総数,47207,,石垣市,,47637,473
2020000000,,2020年,0,,総数,47208,,浦添市,,115690,1135
2020000000,,2020年,0,,総数,47209,,名護市,,63554,529
2020000000,,2020年,0,,総数,47210,,糸満市,,61007,803
2020000000,,2020年,0,,総数,47211,,沖縄市,,142752,1993
2020000000,,2020年,0,,総数,47212,,豊見城市,,64612,367
2020000000,,2020年,0,,総数,47213,,うるま市,,125303,1357
2020000000,,2020年,0,,総数,47214,,宮古島市,,52931,464
2020000000,,2020年,0,,総数,47215,,南城市,,44043,257
2020000000,,2020年,0,,総数,47301,,国頭村,,4517,32
2020000000,,2020年,0,,総数,47302,,大宜味村,,3092,23
2020000000,,2020年,0,,総数,47303,,東村,,1598,11
2020000000,,2020年,0,,総数,47306,,今帰仁村,,8894,44
2020000000,,2020年,0,,総数,47308,,本部町,,12530,133
2020000000,,2020年,0,,総数,47311,,恩納村,,10869,743
2020000000,,2020年,0,,総数,47313,,宜野座村,,5833,43
2020000000,,2020年,0,,総数,47314,,金武町,,10806,100
2020000000,,2020年,0,,総数,47315,,伊江村,,4118,26
2020000000,,2020年,0,,総数,47324,,読谷村,,41206,736
2020000000,,2020年,0,,総数,47325,,嘉手納町,,13521,97
2020000000,,2020年,0,,総数,47326,,北谷町,,28201,787
2020000000,,2020年,0,,総数,47327,,北中城村,,17969,383
2020000000,,2020年,0,,総数,47328,,中城村,,22157,329
2020000000,,2020年,0,,総数,47329,,西原町,,34984,507
2020000000,,2020年,0,,総数,47348,,与那原町,,19695,109
2020000000,,2020年,0,,総数,47350,,南風原町,,40440,221
2020000000,,2020年,0,,総数,47353,,渡嘉敷村,,718,6
2020000000,,2020年,0,,総数,47354,,座間味村,,892,15
2020000000,,2020年,0,,総数,47355,,粟国村,,683,2
2020000000,,2020年,0,,総数,47356,,渡名喜村,,346,2
2020000000,,2020年,0,,総数,47357,,南大東村,,1285,31
2020000000,,2020年,0,,総数,47358,,北大東村,,590,5
2020000000,,2020年,0,,総数,47359,,伊平屋村,,1126,8
2020000000,,2020年,0,,総数,47360,,伊是名村,,1322,23
2020000000,,2020年,0,,総数,47361,,久米島町,,7192,35
2020000000,,2020年,0,,総数,47362,,八重瀬町,,30941,129
2020000000,,2020年,0,,総数,47375,,多良間村,,1058,11
2020000000,,2020年,0,,総数,47381,,竹富町,,3942,26
2020000000,,2020年,0,,総数,47382,,与那国町,,1676,15