全国，都道府県，市区町村,Unnamed: 0,自治体コード,人口総数,うち外国人数,外国人比率（%）
全国,0,0,126146099.0,2402460.0,1.9045059807992957
北海道,1,1000,5224614.0,34321.0,0.6569097736215537
札幌市,2,1100,1973395.0,12634.0,0.6402164797214952
札幌市中央区,3,1101,248680.0,2413.0,0.9703233070612836
札幌市北区,4,1102,289323.0,2770.0,0.9574074650131514
札幌市東区,5,1103,265379.0,1655.0,0.6236363841901582
札幌市白石区,6,1104,211835.0,1094.0,0.5164396818278377
札幌市豊平区,7,1105,225298.0,1435.0,0.6369341938232919
札幌市南区,8,1106,135777.0,580.0,0.4271710230746002
札幌市西区,9,1107,217040.0,975.0,0.4492259491338002
札幌市厚別区,10,1108,125083.0,670.0,0.5356443321634435
札幌市手稲区,11,1109,142625.0,467.0,0.3274320771253287
札幌市清田区,12,1110,112355.0,575.0,0.511770726714432
函館市,13,1202,251084.0,989.0,0.3938920839241051
小樽市,14,1203,111299.0,552.0,0.4959613293919981
旭川市,15,1204,329306.0,1082.0,0.3285697800829624
室蘭市,16,1205,82383.0,380.0,0.4612602114513917
釧路市,17,1206,165077.0,815.0,0.4937089964077369
帯広市,18,1207,166536.0,717.0,0.4305375414324831
北見市,19,1208,115480.0,402.0,0.3481122272254935
夕張市,20,1209,7334.0,87.0,1.186255794927734
岩見沢市,21,1210,79306.0,196.0,0.2471439739742264
網走市,22,1211,35759.0,321.0,0.8976761095108924
留萌市,23,1212,20114.0,134.0,0.6662026449239336
苫小牧市,24,1213,170113.0,722.0,0.424423765379483
稚内市,25,1214,33563.0,435.0,1.2960700771683102
美唄市,26,1215,20413.0,44.0,0.215548914907167
芦別市,27,1216,12555.0,17.0,0.1354042214257267
江別市,28,1217,121056.0,635.0,0.5245506212001056
赤平市,29,1218,9698.0,67.0,0.690864095689833
紋別市,30,1219,21215.0,529.0,2.4935187367428706
士別市,31,1220,17858.0,76.0,0.4255795721805353
名寄市,32,1221,27282.0,50.0,0.18327102118613
三笠市,33,1222,8040.0,15.0,0.1865671641791044
根室市,34,1223,24636.0,306.0,1.2420847540185096
千歳市,35,1224,97950.0,704.0,0.7187340479836651
滝川市,36,1225,39490.0,109.0,0.2760192453785768
砂川市,37,1226,16486.0,29.0,0.1759068300376076
歌志内市,38,1227,2989.0,10.0,0.3345600535296085
深川市,39,1228,20039.0,110.0,0.5489295873047557
富良野市,40,1229,21131.0,224.0,1.060053949174199
登別市,41,1230,46391.0,167.0,0.3599836175120174
恵庭市,42,1231,70331.0,438.0,0.6227694757645988
伊達市,43,1233,32826.0,180.0,0.5483458234326449
北広島市,44,1234,58171.0,369.0,0.6343366969795946
石狩市,45,1235,56869.0,451.0,0.7930506954579823
北斗市,46,1236,44302.0,300.0,0.6771703309105683
当別町,47,1303,15916.0,119.0,0.7476752953003267
新篠津村,48,1304,3044.0,8.0,0.2628120893561104
松前町,49,1331,6260.0,42.0,0.670926517571885
福島町,50,1332,3794.0,36.0,0.9488666315234582
知内町,51,1333,4167.0,63.0,1.511879049676026
木古内町,52,1334,3832.0,24.0,0.6263048016701461
七飯町,53,1337,27686.0,112.0,0.4045365888896916
鹿部町,54,1343,3760.0,114.0,3.0319148936170213
森町,55,1345,14338.0,313.0,2.183010182731204
八雲町,56,1346,15826.0,225.0,1.421711108302793
長万部町,57,1347,5109.0,177.0,3.464474456840869
江差町,58,1361,7428.0,19.0,0.2557889068389876
上ノ国町,59,1362,4306.0,50.0,1.1611704598235022
厚沢部町,60,1363,3592.0,30.0,0.8351893095768375
乙部町,61,1364,3403.0,17.0,0.4995592124595944
奥尻町,62,1367,2410.0,8.0,0.3319502074688796
今金町,63,1370,5072.0,4.0,0.0788643533123028
せたな町,64,1371,7398.0,30.0,0.40551500405515
島牧村,65,1391,1356.0,2.0,0.1474926253687315
寿都町,66,1392,2838.0,54.0,1.9027484143763216
黒松内町,67,1393,2791.0,16.0,0.573271228950197
蘭越町,68,1394,4568.0,38.0,0.8318739054290718
ニセコ町,69,1395,5074.0,246.0,4.848245959795033
真狩村,70,1396,2045.0,37.0,1.809290953545232
留寿都村,71,1397,1911.0,113.0,5.913134484563056
喜茂別町,72,1398,2156.0,63.0,2.922077922077922
京極町,73,1399,2941.0,53.0,1.8021081264875891
倶知安町,74,1400,15129.0,589.0,3.893185273316148
共和町,75,1401,5772.0,9.0,0.1559251559251559
岩内町,76,1402,11648.0,47.0,0.4035027472527473
泊村,77,1403,1569.0,3.0,0.1912045889101338
神恵内村,78,1404,870.0,1.0,0.1149425287356321
積丹町,79,1405,1831.0,4.0,0.2184598580010922
古平町,80,1406,2745.0,53.0,1.930783242258652
仁木町,81,1407,3180.0,67.0,2.1069182389937104
余市町,82,1408,18000.0,125.0,0.6944444444444444
赤井川村,83,1409,1165.0,60.0,5.150214592274678
南幌町,84,1423,7319.0,46.0,0.6285011613608417
奈井江町,85,1424,5120.0,28.0,0.546875
上砂川町,86,1425,2841.0,17.0,0.5983808518127419
由仁町,87,1427,4822.0,24.0,0.4977187888842804
長沼町,88,1428,10289.0,26.0,0.2526970551073962
栗山町,89,1429,11272.0,35.0,0.3105039034776437
月形町,90,1430,3691.0,13.0,0.3522080736927662
浦臼町,91,1431,1732.0,8.0,0.4618937644341801
新十津川町,92,1432,6484.0,19.0,0.2930289944478717
妹背牛町,93,1433,2693.0,43.0,1.5967322688451542
秩父別町,94,1434,2329.0,3.0,0.12881064834693
雨竜町,95,1436,2389.0,9.0,0.3767266638760987
北竜町,96,1437,1724.0,6.0,0.3480278422273781
沼田町,97,1438,2909.0,6.0,0.2062564455139223
鷹栖町,98,1452,6567.0,3.0,0.0456829602558245
東神楽町,99,1453,10127.0,43.0,0.4246074849412462
当麻町,100,1454,6319.0,10.0,0.1582528881152081
比布町,101,1455,3520.0,3.0,0.0852272727272727
愛別町,102,1456,2605.0,40.0,1.5355086372360844
上川町,103,1457,3500.0,48.0,1.3714285714285714
東川町,104,1458,8314.0,266.0,3.1994226605725284
美瑛町,105,1459,9668.0,86.0,0.8895324782788581
上富良野町,106,1460,10348.0,60.0,0.5798221878623889
中富良野町,107,1461,4733.0,34.0,0.7183604479188676
南富良野町,108,1462,2376.0,18.0,0.7575757575757576
占冠村,109,1463,1306.0,145.0,11.10260336906585
和寒町,110,1464,3192.0,22.0,0.6892230576441103
剣淵町,111,1465,2926.0,1.0,0.0341763499658236
下川町,112,1468,3126.0,26.0,0.8317338451695457
美深町,113,1469,4145.0,35.0,0.8443908323281062
音威子府村,114,1470,706.0,1.0,0.141643059490085
中川町,115,1471,1528.0,8.0,0.5235602094240838
幌加内町,116,1472,1370.0,2.0,0.145985401459854
増毛町,117,1481,3908.0,80.0,2.047082906857728
小平町,118,1482,2994.0,67.0,2.237808951235805
苫前町,119,1483,2936.0,26.0,0.8855585831062671
羽幌町,120,1484,6548.0,22.0,0.3359804520464264
初山別村,121,1485,1080.0,8.0,0.7407407407407408
遠別町,122,1486,2520.0,60.0,2.380952380952381
天塩町,123,1487,2950.0,34.0,1.152542372881356
猿払村,124,1511,2611.0,161.0,6.166219839142091
浜頓別町,125,1512,3448.0,75.0,2.1751740139211138
中頓別町,126,1513,1637.0,4.0,0.2443494196701283
枝幸町,127,1514,7565.0,130.0,1.7184401850627893
豊富町,128,1516,3974.0,42.0,1.0568696527428283
礼文町,129,1517,2509.0,28.0,1.1159824631327222
利尻町,130,1518,2004.0,1.0,0.0499001996007983
利尻富士町,131,1519,2458.0,11.0,0.4475183075671277
幌延町,132,1520,2371.0,28.0,1.180936313791649
美幌町,133,1543,18697.0,88.0,0.4706637428464459
津別町,134,1544,4373.0,9.0,0.2058083695403613
斜里町,135,1545,11418.0,187.0,1.6377649325626205
清里町,136,1546,3883.0,2.0,0.0515065670873036
小清水町,137,1547,4623.0,23.0,0.4975124378109453
訓子府町,138,1549,4677.0,28.0,0.5986743639084883
置戸町,139,1550,2775.0,5.0,0.1801801801801801
佐呂間町,140,1552,4875.0,222.0,4.5538461538461545
遠軽町,141,1555,19241.0,69.0,0.3586092198950158
湧別町,142,1559,8270.0,145.0,1.7533252720677146
滝上町,143,1560,2421.0,25.0,1.0326311441553075
興部町,144,1561,3628.0,85.0,2.342888643880926
西興部村,145,1562,1053.0,28.0,2.6590693257359925
雄武町,146,1563,4199.0,228.0,5.429864253393665
大空町,147,1564,6775.0,13.0,0.1918819188191882
豊浦町,148,1571,3821.0,62.0,1.6226118817063595
壮瞥町,149,1575,2743.0,26.0,0.9478672985781992
白老町,150,1578,16212.0,189.0,1.16580310880829
厚真町,151,1581,4432.0,46.0,1.0379061371841156
洞爺湖町,152,1584,8442.0,88.0,1.0424070125562663
安平町,153,1585,7340.0,73.0,0.994550408719346
むかわ町,154,1586,7651.0,142.0,1.8559665403215264
日高町,155,1601,11279.0,260.0,2.305168897951946
平取町,156,1602,4776.0,127.0,2.6591289782244556
新冠町,157,1604,5309.0,146.0,2.750047089847429
浦河町,158,1607,12074.0,256.0,2.1202584064932912
様似町,159,1608,4043.0,26.0,0.6430868167202572
えりも町,160,1609,4374.0,39.0,0.8916323731138546
新ひだか町,161,1610,21517.0,103.0,0.4786912673699865
音更町,162,1631,43576.0,107.0,0.245548008077841
士幌町,163,1632,5848.0,90.0,1.5389876880984952
上士幌町,164,1633,4778.0,136.0,2.8463792381749684
鹿追町,165,1634,5266.0,75.0,1.4242309153057349
新得町,166,1635,5817.0,33.0,0.5673027333677153
清水町,167,1636,9094.0,135.0,1.4844952716076534
芽室町,168,1637,18048.0,60.0,0.3324468085106383
中札内村,169,1638,3884.0,76.0,1.956745623069001
更別村,170,1639,3080.0,8.0,0.2597402597402597
大樹町,171,1641,5420.0,108.0,1.992619926199262
広尾町,172,1642,6387.0,51.0,0.7984969469234382
幕別町,173,1643,25766.0,108.0,0.419157028642397
池田町,174,1644,6294.0,22.0,0.3495392437241817
豊頃町,175,1645,3022.0,50.0,1.6545334215751155
本別町,176,1646,6618.0,42.0,0.6346328195829556
足寄町,177,1647,6563.0,26.0,0.3961602925491391
陸別町,178,1648,2264.0,41.0,1.8109540636042405
浦幌町,179,1649,4387.0,34.0,0.7750170959653522
釧路町,180,1661,19105.0,72.0,0.3768646951059932
厚岸町,181,1662,8892.0,156.0,1.7543859649122806
浜中町,182,1663,5507.0,84.0,1.5253313964045758
標茶町,183,1664,7230.0,95.0,1.313969571230982
弟子屈町,184,1665,6955.0,48.0,0.6901509705248023
鶴居村,185,1667,2558.0,35.0,1.3682564503518373
白糠町,186,1668,7289.0,90.0,1.2347372753464123
別海町,187,1691,14380.0,395.0,2.7468706536856744
中標津町,188,1692,23010.0,107.0,0.4650152107779227
標津町,189,1693,5023.0,77.0,1.5329484371889308
羅臼町,190,1694,4722.0,42.0,0.8894536213468869
青森県,191,2000,1237984.0,5409.0,0.4369200248145372
青森市,192,2201,275192.0,922.0,0.3350388092677113
弘前市,193,2202,168466.0,641.0,0.3804922061424857
八戸市,194,2203,223415.0,1096.0,0.4905668822594722
黒石市,195,2204,31946.0,116.0,0.3631127527702999
五所川原市,196,2205,51415.0,97.0,0.1886608966254984
十和田市,197,2206,60378.0,310.0,0.5134320447845241
三沢市,198,2207,39152.0,659.0,1.6831834899877405
むつ市,199,2208,54103.0,153.0,0.2827939300962978
つがる市,200,2209,30934.0,58.0,0.1874959591388116
平川市,201,2210,30567.0,48.0,0.1570320934340956
平内町,202,2301,10126.0,47.0,0.4641516887221015
今別町,203,2303,2334.0,3.0,0.1285347043701799
蓬田村,204,2304,2540.0,2.0,0.0787401574803149
外ヶ浜町,205,2307,5401.0,36.0,0.6665432327346787
鰺ヶ沢町,206,2321,9044.0,14.0,0.1547987616099071
深浦町,207,2323,7346.0,22.0,0.2994827116798257
西目屋村,208,2343,1265.0,,
藤崎町,209,2361,14573.0,27.0,0.1852741371028614
大鰐町,210,2362,8665.0,2.0,0.0230813618003462
田舎館村,211,2367,7326.0,11.0,0.1501501501501501
板柳町,212,2381,12700.0,19.0,0.1496062992125984
鶴田町,213,2384,12074.0,15.0,0.1242338910054663
中泊町,214,2387,9657.0,64.0,0.6627316972144559
野辺地町,215,2401,12374.0,151.0,1.220300630353968
七戸町,216,2402,14556.0,54.0,0.3709810387469085
六戸町,217,2405,10447.0,81.0,0.7753422035033981
横浜町,218,2406,4229.0,76.0,1.7971151572475763
東北町,219,2408,16428.0,103.0,0.6269783296810324
六ヶ所村,220,2411,10367.0,103.0,0.993537185299508
おいらせ町,221,2412,24273.0,228.0,0.9393152885922632
大間町,222,2423,4718.0,9.0,0.1907587961000423
東通村,223,2424,5955.0,12.0,0.2015113350125944
風間浦村,224,2425,1636.0,3.0,0.1833740831295843
佐井村,225,2426,1788.0,1.0,0.0559284116331096
三戸町,226,2441,9082.0,34.0,0.3743668795419511
五戸町,227,2442,16042.0,72.0,0.4488218426630096
田子町,228,2443,4968.0,13.0,0.2616747181964573
南部町,229,2445,16809.0,33.0,0.1963233981795466
階上町,230,2446,13496.0,66.0,0.4890337877889745
新郷村,231,2450,2197.0,8.0,0.3641329085116067
岩手県,232,3000,1210534.0,6937.0,0.5730528840990835
盛岡市,233,3201,289731.0,1321.0,0.4559401651877086
宮古市,234,3202,50369.0,125.0,0.2481685163493418
大船渡市,235,3203,34728.0,318.0,0.915687629578438
花巻市,236,3205,93193.0,373.0,0.4002446535684011
北上市,237,3206,93045.0,736.0,0.7910151002203235
久慈市,238,3207,33043.0,324.0,0.9805405078231396
遠野市,239,3208,25366.0,155.0,0.6110541669951904
一関市,240,3209,111932.0,799.0,0.7138262516527892
陸前高田市,241,3210,18262.0,173.0,0.94732230861899
釜石市,242,3211,32078.0,219.0,0.6827108922002618
二戸市,243,3213,25513.0,192.0,0.7525575196958414
八幡平市,244,3214,24023.0,95.0,0.3954543562419348
奥州市,245,3215,112937.0,589.0,0.5215297024004534
滝沢市,246,3216,55579.0,233.0,0.4192230878569244
雫石町,247,3301,15731.0,42.0,0.2669887483313203
葛巻町,248,3302,5634.0,23.0,0.4082357117500887
岩手町,249,3303,12285.0,165.0,1.3431013431013432
紫波町,250,3321,32147.0,86.0,0.2675210750614365
矢巾町,251,3322,28056.0,104.0,0.3706871970345024
西和賀町,252,3366,5134.0,24.0,0.4674717569146864
金ケ崎町,253,3381,15535.0,145.0,0.9333762471837788
平泉町,254,3402,7252.0,39.0,0.5377826806398235
住田町,255,3441,5045.0,106.0,2.101090188305253
大槌町,256,3461,11004.0,51.0,0.4634678298800436
山田町,257,3482,14320.0,62.0,0.4329608938547485
岩泉町,258,3483,8726.0,61.0,0.6990602796241119
田野畑村,259,3484,3059.0,29.0,0.9480222294867604
普代村,260,3485,2487.0,21.0,0.8443908323281062
軽米町,261,3501,8421.0,89.0,1.0568816055100343
野田村,262,3503,3936.0,22.0,0.5589430894308943
九戸村,263,3506,5378.0,16.0,0.2975083674228337
洋野町,264,3507,15091.0,51.0,0.3379497713869194
一戸町,265,3524,11494.0,149.0,1.296328519227423
宮城県,266,4000,2301996.0,19453.0,0.8450492529092144
仙台市,267,4100,1096704.0,11507.0,1.049234798085901
仙台市青葉区,268,4101,311590.0,5581.0,1.7911357874129463
仙台市宮城野区,269,4102,196732.0,1915.0,0.9734054449708232
仙台市若林区,270,4103,141475.0,1258.0,0.8892030394062556
仙台市太白区,271,4104,234758.0,1677.0,0.714352652518764
仙台市泉区,272,4105,212149.0,1076.0,0.5071907008753281
石巻市,273,4202,140151.0,1071.0,0.7641757818353062
塩竈市,274,4203,52203.0,503.0,0.9635461563511676
気仙沼市,275,4205,61147.0,582.0,0.9518046674407576
白石市,276,4206,32758.0,214.0,0.653275535746993
名取市,277,4207,78718.0,359.0,0.456058334815417
角田市,278,4208,27976.0,206.0,0.7363454389476695
多賀城市,279,4209,62827.0,364.0,0.5793687427379948
岩沼市,280,4211,44068.0,375.0,0.8509576109648725
登米市,281,4212,76037.0,328.0,0.4313689388061075
栗原市,282,4213,64637.0,486.0,0.7518913315902657
東松島市,283,4214,39098.0,142.0,0.3631899329888997
大崎市,284,4215,127330.0,726.0,0.5701719940312574
富谷市,285,4216,51651.0,219.0,0.4239995353429749
蔵王町,286,4301,11418.0,67.0,0.5867927833245752
七ヶ宿町,287,4302,1262.0,27.0,2.13946117274168
大河原町,288,4321,23571.0,125.0,0.5303126723516185
村田町,289,4322,10666.0,54.0,0.5062816426026626
柴田町,290,4323,38271.0,140.0,0.3658122338062763
川崎町,291,4324,8345.0,127.0,1.5218693828639904
丸森町,292,4341,12262.0,133.0,1.0846517696949929
亘理町,293,4361,33087.0,155.0,0.4684619336899688
山元町,294,4362,12046.0,58.0,0.4814876307487963
松島町,295,4401,13323.0,63.0,0.4728664715154244
七ヶ浜町,296,4404,18132.0,98.0,0.5404809177145378
利府町,297,4406,35182.0,120.0,0.3410835086123586
大和町,298,4421,28786.0,374.0,1.2992426874174945
大郷町,299,4422,7813.0,79.0,1.0111352873416102
大衡村,300,4424,5849.0,58.0,0.9916224995725764
色麻町,301,4444,6698.0,34.0,0.5076142131979695
加美町,302,4445,21943.0,162.0,0.7382764435127375
涌谷町,303,4501,15388.0,57.0,0.3704185079282558
美里町,304,4505,23994.0,64.0,0.2667333500041677
女川町,305,4581,6430.0,212.0,3.297045101088647
南三陸町,306,4606,12225.0,164.0,1.3415132924335378
秋田県,307,5000,959502.0,3651.0,0.3805098895051808
秋田市,308,5201,307672.0,1187.0,0.3858004628305468
能代市,309,5202,49968.0,208.0,0.4162664105027218
横手市,310,5203,85555.0,373.0,0.4359768569925778
大館市,311,5204,69237.0,295.0,0.4260727645623005
男鹿市,312,5206,25154.0,44.0,0.1749224775383636
湯沢市,313,5207,42091.0,114.0,0.2708417476420137
鹿角市,314,5209,29088.0,89.0,0.3059680968096809
由利本荘市,315,5210,74707.0,256.0,0.3426720387647744
潟上市,316,5211,31720.0,85.0,0.2679697351828499
大仙市,317,5212,77657.0,226.0,0.2910233462533963
北秋田市,318,5213,30198.0,142.0,0.470229816544142
にかほ市,319,5214,23435.0,83.0,0.3541711115852357
仙北市,320,5215,24610.0,89.0,0.361641609101991
小坂町,321,5303,4780.0,33.0,0.690376569037657
上小阿仁村,322,5327,2063.0,21.0,1.0179350460494423
藤里町,323,5346,2896.0,26.0,0.8977900552486188
三種町,324,5348,15254.0,46.0,0.3015602464927232
八峰町,325,5349,6577.0,48.0,0.729816025543561
五城目町,326,5361,8538.0,18.0,0.2108222066057624
八郎潟町,327,5363,5583.0,26.0,0.4656994447429697
井川町,328,5366,4566.0,6.0,0.1314060446780552
大潟村,329,5368,3011.0,19.0,0.631019594818997
美郷町,330,5434,18613.0,49.0,0.2632568634825122
羽後町,331,5463,13825.0,102.0,0.7377938517179023
東成瀬村,332,5464,2704.0,66.0,2.440828402366864
山形県,333,6000,1068027.0,7149.0,0.6693651003204976
山形市,334,6201,247590.0,1156.0,0.4669009249161921
米沢市,335,6202,81252.0,737.0,0.9070545955791858
鶴岡市,336,6203,122347.0,635.0,0.5190155868145521
酒田市,337,6204,100273.0,503.0,0.5016305486023157
新庄市,338,6205,34432.0,361.0,1.048443308550186
寒河江市,339,6206,40189.0,345.0,0.858443852795541
上山市,340,6207,29110.0,147.0,0.5049811061490896
村山市,341,6208,22516.0,180.0,0.7994315153668502
長井市,342,6209,26543.0,340.0,1.2809403609237842
天童市,343,6210,62140.0,531.0,0.8545220469906664
東根市,344,6211,47682.0,322.0,0.6753072438236651
尾花沢市,345,6212,14971.0,80.0,0.5343664417874557
南陽市,346,6213,30420.0,269.0,0.8842866535174227
山辺町,347,6301,13725.0,47.0,0.3424408014571949
中山町,348,6302,10746.0,57.0,0.530429927414852
河北町,349,6321,17641.0,181.0,1.026018933167054
西川町,350,6322,4956.0,42.0,0.847457627118644
朝日町,351,6323,6366.0,52.0,0.8168394596292806
大江町,352,6324,7646.0,87.0,1.1378498561339263
大石田町,353,6341,6577.0,78.0,1.1859510415082863
金山町,354,6361,5071.0,57.0,1.124038651153619
最上町,355,6362,8080.0,82.0,1.0148514851485149
舟形町,356,6363,5007.0,33.0,0.659077291791492
真室川町,357,6364,7203.0,35.0,0.4859086491739553
大蔵村,358,6365,3028.0,16.0,0.5284015852047557
鮭川村,359,6366,3902.0,26.0,0.6663249615581752
戸沢村,360,6367,4199.0,60.0,1.428911645629912
高畠町,361,6381,22463.0,196.0,0.8725459644749143
川西町,362,6382,14558.0,68.0,0.4670971287264734
小国町,363,6401,7107.0,56.0,0.7879555367947094
白鷹町,364,6402,12890.0,121.0,0.9387121799844842
飯豊町,365,6403,6613.0,48.0,0.7258430364433691
三川町,366,6426,7601.0,30.0,0.3946849098802789
庄内町,367,6428,20151.0,106.0,0.5260284849387127
遊佐町,368,6461,13032.0,65.0,0.4987722529158993
福島県,369,7000,1833152.0,12868.0,0.7019603393499284
福島市,370,7201,282693.0,1772.0,0.6268283968828375
会津若松市,371,7202,117376.0,738.0,0.6287486368593238
郡山市,372,7203,327692.0,2561.0,0.7815265554239957
いわき市,373,7204,332931.0,2439.0,0.7325842291646016
白河市,374,7205,59491.0,574.0,0.9648518263266712
須賀川市,375,7207,74992.0,375.0,0.5000533390228291
喜多方市,376,7208,44760.0,216.0,0.482573726541555
相馬市,377,7209,34865.0,178.0,0.5105406568191596
二本松市,378,7210,53557.0,344.0,0.642306327837631
田村市,379,7211,35169.0,311.0,0.8843015155392533
南相馬市,380,7212,59005.0,403.0,0.6829929666977375
伊達市,381,7213,58240.0,401.0,0.6885302197802198
本宮市,382,7214,30236.0,186.0,0.6151607355470301
桑折町,383,7301,11459.0,35.0,0.3054367745876604
国見町,384,7303,8639.0,59.0,0.682949415441602
川俣町,385,7308,12170.0,105.0,0.8627773212818405
大玉村,386,7322,8900.0,47.0,0.5280898876404494
鏡石町,387,7342,12318.0,50.0,0.4059100503328463
天栄村,388,7344,5194.0,56.0,1.078167115902965
下郷町,389,7362,5264.0,15.0,0.2849544072948328
檜枝岐村,390,7364,504.0,,
只見町,391,7367,4044.0,30.0,0.741839762611276
南会津町,392,7368,14451.0,68.0,0.4705556708878278
北塩原村,393,7402,2556.0,35.0,1.3693270735524257
西会津町,394,7405,5770.0,38.0,0.658578856152513
磐梯町,395,7407,3322.0,9.0,0.2709211318482841
猪苗代町,396,7408,13552.0,64.0,0.4722550177095631
会津坂下町,397,7421,15068.0,127.0,0.8428457658614281
湯川村,398,7422,3081.0,8.0,0.2596559558584875
柳津町,399,7423,3081.0,7.0,0.2271989613761765
三島町,400,7444,1452.0,8.0,0.5509641873278237
金山町,401,7445,1862.0,11.0,0.5907626208378088
昭和村,402,7446,1246.0,4.0,0.3210272873194221
会津美里町,403,7447,19014.0,38.0,0.1998527400862522
西郷村,404,7461,20808.0,243.0,1.1678200692041525
泉崎村,405,7464,6213.0,118.0,1.8992435216481571
中島村,406,7465,4885.0,35.0,0.7164790174002047
矢吹町,407,7466,17287.0,163.0,0.9429050731763752
棚倉町,408,7481,13343.0,71.0,0.5321142171925354
矢祭町,409,7482,5392.0,23.0,0.4265578635014836
塙町,410,7483,8302.0,87.0,1.0479402553601542
鮫川村,411,7484,3049.0,18.0,0.5903574942604133
石川町,412,7501,14644.0,108.0,0.7375034143676591
玉川村,413,7502,6392.0,71.0,1.1107634543178977
平田村,414,7503,5826.0,120.0,2.059732234809475
浅川町,415,7504,6036.0,23.0,0.3810470510271703
古殿町,416,7505,4825.0,58.0,1.2020725388601037
三春町,417,7521,17018.0,58.0,0.3408156070043483
小野町,418,7522,9471.0,142.0,1.4993136944356455
広野町,419,7541,5412.0,75.0,1.385809312638581
楢葉町,420,7542,3710.0,22.0,0.5929919137466307
富岡町,421,7543,2128.0,10.0,0.4699248120300752
川内村,422,7544,2044.0,32.0,1.5655577299412915
大熊町,423,7545,847.0,1.0,0.1180637544273907
双葉町,424,7546,,,
浪江町,425,7547,1923.0,5.0,0.2600104004160166
葛尾村,426,7548,420.0,4.0,0.9523809523809524
新地町,427,7561,7905.0,50.0,0.6325110689437065
飯舘村,428,7564,1318.0,19.0,1.4415781487101669
茨城県,429,8000,2867009.0,57819.0,2.0167010288422533
水戸市,430,8201,270685.0,2818.0,1.041062489609694
日立市,431,8202,174508.0,1493.0,0.8555481697114172
土浦市,432,8203,142074.0,3650.0,2.5690837169362446
古河市,433,8204,139344.0,3020.0,2.1672981972671947
石岡市,434,8205,73061.0,1011.0,1.383775201543915
結城市,435,8207,50645.0,2057.0,4.061605291736599
龍ケ崎市,436,8208,76420.0,1910.0,2.499345721015441
下妻市,437,8210,42521.0,1948.0,4.5812657275228705
常総市,438,8211,60834.0,4755.0,7.816352697504684
常陸太田市,439,8212,48602.0,174.0,0.3580099584379244
高萩市,440,8214,27699.0,194.0,0.7003862955341348
北茨城市,441,8215,41801.0,341.0,0.8157699576565154
笠間市,442,8216,73173.0,672.0,0.918371530482555
取手市,443,8217,104524.0,1392.0,1.331751559450461
牛久市,444,8219,84651.0,1373.0,1.6219536685922198
つくば市,445,8220,241656.0,6556.0,2.7129473300890523
ひたちなか市,446,8221,156581.0,1578.0,1.0077851080271552
鹿嶋市,447,8222,66950.0,879.0,1.3129200896191189
潮来市,448,8223,27604.0,342.0,1.2389508766845383
守谷市,449,8224,68421.0,1127.0,1.647155113196241
常陸大宮市,450,8225,39267.0,243.0,0.618840247536099
那珂市,451,8226,53502.0,253.0,0.472879518522672
筑西市,452,8227,100753.0,2371.0,2.3532798030827866
坂東市,453,8228,52265.0,2242.0,4.28967760451545
稲敷市,454,8229,39039.0,1022.0,2.6178949255872332
かすみがうら市,455,8230,40087.0,1016.0,2.534487489709881
桜川市,456,8231,39122.0,284.0,0.7259342569398293
神栖市,457,8232,95454.0,2656.0,2.782492090430993
行方市,458,8233,32185.0,931.0,2.89265185645487
鉾田市,459,8234,45953.0,2474.0,5.383761669531913
つくばみらい市,460,8235,49872.0,424.0,0.850176451716394
小美玉市,461,8236,48870.0,1300.0,2.6601186822181297
茨城町,462,8302,31401.0,547.0,1.741982739403204
大洗町,463,8309,15715.0,704.0,4.4797963728921415
城里町,464,8310,18097.0,66.0,0.3647013317124385
東海村,465,8341,37891.0,285.0,0.7521575044205748
大子町,466,8364,15736.0,82.0,0.5210981189628877
美浦村,467,8442,14602.0,303.0,2.075058211203945
阿見町,468,8443,48553.0,865.0,1.7815582971186128
河内町,469,8447,8231.0,107.0,1.2999635524237638
八千代町,470,8521,21026.0,1073.0,5.10320555502711
五霞町,471,8542,8093.0,145.0,1.7916718151488942
境町,472,8546,24201.0,896.0,3.702326350150821
利根町,473,8564,15340.0,240.0,1.564537157757497
栃木県,474,9000,1933146.0,37408.0,1.9350840546963344
宇都宮市,475,9201,518757.0,8003.0,1.5427261704420374
足利市,476,9202,144746.0,4518.0,3.121329777679521
栃木市,477,9203,155549.0,3834.0,2.464818160193894
佐野市,478,9204,116228.0,2690.0,2.314416491723165
鹿沼市,479,9205,94033.0,1372.0,1.4590622441057928
日光市,480,9206,77661.0,836.0,1.0764733907624162
小山市,481,9208,166666.0,6034.0,3.6204144816579262
真岡市,482,9209,78190.0,3146.0,4.023532421025706
大田原市,483,9210,72087.0,1010.0,1.4010848003107357
矢板市,484,9211,31165.0,291.0,0.9337397721803306
那須塩原市,485,9213,115210.0,1855.0,1.610103289644996
さくら市,486,9214,44513.0,381.0,0.8559297283939523
那須烏山市,487,9215,24875.0,227.0,0.9125628140703516
下野市,488,9216,59507.0,599.0,1.0066042650444484
上三川町,489,9301,30806.0,333.0,1.080958254885412
益子町,490,9342,21898.0,189.0,0.8630925198648278
茂木町,491,9343,11891.0,94.0,0.7905138339920948
市貝町,492,9344,11262.0,173.0,1.53613922926656
芳賀町,493,9345,14961.0,159.0,1.0627631842791256
壬生町,494,9361,39474.0,503.0,1.2742564726148855
野木町,495,9364,24913.0,325.0,1.3045397984987757
塩谷町,496,9384,10354.0,53.0,0.5118794668727061
高根沢町,497,9386,29229.0,398.0,1.3616613637141195
那須町,498,9407,23956.0,242.0,1.0101853397896143
那珂川町,499,9411,15215.0,143.0,0.9398619783108776
群馬県,500,10000,1939110.0,53432.0,2.755490921092666
前橋市,501,10201,332149.0,5505.0,1.6573887020584137
高崎市,502,10202,372973.0,5077.0,1.3612245390417002
桐生市,503,10203,106445.0,1579.0,1.4833951806097043
伊勢崎市,504,10204,211850.0,11955.0,5.643143733773897
太田市,505,10205,223014.0,10992.0,4.928838548252576
沼田市,506,10206,45337.0,522.0,1.1513774621170347
館林市,507,10207,75309.0,2425.0,3.2200666586994915
渋川市,508,10208,74581.0,709.0,0.9506442659658628
藤岡市,509,10209,63261.0,727.0,1.1492072524936374
富岡市,510,10210,47446.0,797.0,1.6798044092231168
安中市,511,10211,54907.0,477.0,0.8687416904948367
みどり市,512,10212,49648.0,684.0,1.3776990009668062
榛東村,513,10344,14216.0,158.0,1.1114237478897018
吉岡町,514,10345,21792.0,148.0,0.6791483113069016
上野村,515,10366,1128.0,17.0,1.5070921985815602
神流町,516,10367,1645.0,11.0,0.668693009118541
下仁田町,517,10382,6576.0,31.0,0.4714111922141119
南牧村,518,10383,1611.0,5.0,0.3103662321539416
甘楽町,519,10384,12491.0,154.0,1.232887679128973
中之条町,520,10421,15386.0,196.0,1.2738853503184715
長野原町,521,10424,5095.0,59.0,1.1579980372914622
嬬恋村,522,10425,8850.0,143.0,1.615819209039548
草津町,523,10426,6049.0,223.0,3.686559761944123
高山村,524,10428,3511.0,193.0,5.497009399031614
東吾妻町,525,10429,12728.0,240.0,1.885606536769327
片品村,526,10443,3993.0,42.0,1.051840721262209
川場村,527,10444,3480.0,10.0,0.2873563218390804
昭和村,528,10448,6953.0,436.0,6.2706745289802965
みなかみ町,529,10449,17195.0,222.0,1.2910729863332364
玉村町,530,10464,36054.0,834.0,2.313196871359627
板倉町,531,10521,14083.0,257.0,1.824895263793226
明和町,532,10522,10882.0,241.0,2.214666421613674
千代田町,533,10523,10861.0,337.0,3.1028450418930116
大泉町,534,10524,42089.0,7392.0,17.562783625175225
邑楽町,535,10525,25522.0,634.0,2.484131337669462
埼玉県,536,11000,7344765.0,161439.0,2.198014504208099
さいたま市,537,11100,1324025.0,22845.0,1.725420592511471
さいたま市西区,538,11101,93499.0,923.0,0.9871763334367212
さいたま市北区,539,11102,149242.0,2064.0,1.382988702912049
さいたま市大宮区,540,11103,117784.0,2359.0,2.002818719011071
さいたま市見沼区,541,11104,165049.0,2752.0,1.6673836254688
さいたま市中央区,542,11105,103269.0,1697.0,1.64328113954817
さいたま市桜区,543,11106,98661.0,2408.0,2.4406807147707807
さいたま市浦和区,544,11107,164822.0,2779.0,1.6860613267646307
さいたま市南区,545,11108,191563.0,4522.0,2.3605811143070423
さいたま市緑区,546,11109,128321.0,1464.0,1.1408888646441346
さいたま市岩槻区,547,11110,111815.0,1877.0,1.6786656530876896
川越市,548,11201,354571.0,5909.0,1.6665209506699643
熊谷市,549,11202,194415.0,3076.0,1.5821824447702082
川口市,550,11203,594274.0,31592.0,5.316066326307394
行田市,551,11206,78617.0,1417.0,1.8024091481486193
秩父市,552,11207,59674.0,511.0,0.8563193350537923
所沢市,553,11208,342464.0,3865.0,1.1285857783591853
飯能市,554,11209,80361.0,929.0,1.156033399285723
加須市,555,11210,111623.0,2142.0,1.9189593542549477
本庄市,556,11211,78569.0,2403.0,3.0584581705252707
東松山市,557,11212,91791.0,2454.0,2.6734647187632774
春日部市,558,11214,229792.0,3442.0,1.4978763403425708
狭山市,559,11215,148699.0,2327.0,1.5649062871976274
羽生市,560,11216,52862.0,1210.0,2.2889788505921076
鴻巣市,561,11217,116828.0,1611.0,1.3789502516520014
深谷市,562,11218,141268.0,2611.0,1.8482600447376616
上尾市,563,11219,226940.0,3225.0,1.4210804617960695
草加市,564,11221,248304.0,7147.0,2.8783265674334686
越谷市,565,11222,341621.0,6547.0,1.9164512720236755
蕨市,566,11223,74283.0,6293.0,8.471655695111936
戸田市,567,11224,140899.0,5870.0,4.166104798472665
入間市,568,11225,145651.0,2023.0,1.3889365675484548
朝霞市,569,11227,141083.0,3578.0,2.5360957734099783
志木市,570,11228,75346.0,1613.0,2.1407904865553578
和光市,571,11229,83989.0,2215.0,2.6372501160866304
新座市,572,11230,166017.0,2985.0,1.798008637669636
桶川市,573,11231,74748.0,764.0,1.0221009257772784
久喜市,574,11232,150582.0,2655.0,1.763158943299996
北本市,575,11233,65201.0,514.0,0.7883314673087836
八潮市,576,11234,93363.0,3461.0,3.707035977849898
富士見市,577,11235,111859.0,1998.0,1.7861772409908905
三郷市,578,11237,142145.0,4309.0,3.0314115867599987
蓮田市,579,11238,61499.0,606.0,0.985381876128067
坂戸市,580,11239,100275.0,2296.0,2.2897033158813263
幸手市,581,11240,50066.0,979.0,1.9554188471217993
鶴ヶ島市,582,11241,70117.0,1281.0,1.8269463896059448
日高市,583,11242,54571.0,784.0,1.436660497333749
吉川市,584,11243,71979.0,1558.0,2.1645202072826795
ふじみ野市,585,11245,113597.0,2561.0,2.2544609452714424
白岡市,586,11246,52214.0,535.0,1.0246294097368522
伊奈町,587,11301,44841.0,398.0,0.8875805624317031
三芳町,588,11324,38434.0,717.0,1.8655357235780816
毛呂山町,589,11326,35366.0,523.0,1.478821466945654
越生町,590,11327,11029.0,124.0,1.1243086408559253
滑川町,591,11341,19732.0,476.0,2.41232515710521
嵐山町,592,11342,17889.0,569.0,3.180725585555369
小川町,593,11343,28524.0,269.0,0.9430654887112608
川島町,594,11346,19378.0,333.0,1.718443595830323
吉見町,595,11347,18192.0,154.0,0.8465259454705365
鳩山町,596,11348,13560.0,133.0,0.9808259587020648
ときがわ町,597,11349,10540.0,176.0,1.669829222011385
横瀬町,598,11361,7979.0,63.0,0.789572628148891
皆野町,599,11362,9302.0,62.0,0.6665233283164911
長瀞町,600,11363,6807.0,24.0,0.3525782282944028
小鹿野町,601,11365,10928.0,100.0,0.9150805270863837
東秩父村,602,11369,2709.0,9.0,0.3322259136212624
美里町,603,11381,11039.0,137.0,1.2410544433372588
神川町,604,11383,13359.0,346.0,2.5900142226214538
上里町,605,11385,30343.0,945.0,3.1143921167979434
寄居町,606,11408,32374.0,509.0,1.5722493358868228
宮代町,607,11442,34147.0,385.0,1.1274782557764955
杉戸町,608,11464,43845.0,519.0,1.1837153609305509
松伏町,609,11465,28266.0,327.0,1.1568669072383784
千葉県,610,12000,6284480.0,142177.0,2.262351061663017
千葉市,611,12100,974951.0,23142.0,2.3736577530563077
千葉市中央区,612,12101,211736.0,4314.0,2.037442853364567
千葉市花見川区,613,12102,177328.0,3886.0,2.1914192908057384
千葉市稲毛区,614,12103,160582.0,3481.0,2.167739846309051
千葉市若葉区,615,12104,146940.0,3196.0,2.175037430243637
千葉市緑区,616,12105,129421.0,1346.0,1.040016689718052
千葉市美浜区,617,12106,148944.0,6919.0,4.6453700719733595
銚子市,618,12202,58431.0,2137.0,3.657305197583475
市川市,619,12203,496676.0,15899.0,3.201080785059073
船橋市,620,12204,642907.0,16915.0,2.631018172146205
館山市,621,12205,45153.0,284.0,0.6289726042566385
木更津市,622,12206,136166.0,2266.0,1.6641452344931922
松戸市,623,12207,498232.0,15513.0,3.1136097239840073
野田市,624,12208,152638.0,3163.0,2.072223168542565
茂原市,625,12210,86782.0,1166.0,1.3435965983729343
成田市,626,12211,132906.0,5165.0,3.886205287947873
佐倉市,627,12212,168743.0,3065.0,1.8163716420829308
東金市,628,12213,58219.0,1371.0,2.354901320874629
旭市,629,12215,63745.0,1320.0,2.070750647109577
習志野市,630,12216,176197.0,4034.0,2.2894827948262457
柏市,631,12217,426468.0,7882.0,1.8482043201365637
勝浦市,632,12218,16927.0,165.0,0.9747740296567614
市原市,633,12219,269524.0,5044.0,1.871447440673187
流山市,634,12220,199849.0,2745.0,1.3735370204504402
八千代市,635,12221,199498.0,5367.0,2.6902525338599883
我孫子市,636,12222,130510.0,1623.0,1.2435828672132403
鴨川市,637,12223,32116.0,507.0,1.5786523851039982
鎌ケ谷市,638,12224,109932.0,1488.0,1.3535640213950442
君津市,639,12225,82206.0,718.0,0.8734155657737879
富津市,640,12226,42465.0,453.0,1.0667608618862594
浦安市,641,12227,171362.0,3691.0,2.153919772178196
四街道市,642,12228,93576.0,2054.0,2.195007266820552
袖ケ浦市,643,12229,63883.0,668.0,1.045661600112706
八街市,644,12230,67455.0,2105.0,3.12059891779705
印西市,645,12231,102609.0,1956.0,1.906265532263252
白井市,646,12232,62441.0,1117.0,1.7888887109431304
富里市,647,12233,49735.0,2751.0,5.531315974665729
南房総市,648,12234,35831.0,362.0,1.010298345008512
匝瑳市,649,12235,35040.0,407.0,1.1615296803652968
香取市,650,12236,72356.0,841.0,1.1623085853281
山武市,651,12237,48444.0,907.0,1.8722648831640656
いすみ市,652,12238,35544.0,443.0,1.246342561332433
大網白里市,653,12239,48129.0,576.0,1.196783643956866
酒々井町,654,12322,20745.0,445.0,2.145095203663533
栄町,655,12329,20127.0,247.0,1.2272072340636957
神崎町,656,12342,5816.0,125.0,2.1492434662998625
多古町,657,12347,13735.0,401.0,2.9195485984710596
東庄町,658,12349,13228.0,236.0,1.7840943453280915
九十九里町,659,12403,14639.0,290.0,1.9810096318054513
芝山町,660,12409,7033.0,186.0,2.6446751030854543
横芝光町,661,12410,22075.0,315.0,1.4269535673839184
一宮町,662,12421,11897.0,125.0,1.050685046650416
睦沢町,663,12422,6760.0,42.0,0.621301775147929
長生村,664,12423,13803.0,88.0,0.6375425632108962
白子町,665,12424,10305.0,83.0,0.8054342552159146
長柄町,666,12426,6721.0,70.0,1.0415116798095525
長南町,667,12427,7198.0,26.0,0.3612114476243401
大多喜町,668,12441,8885.0,92.0,1.0354530106921778
御宿町,669,12443,6874.0,33.0,0.4800698283386674
鋸南町,670,12463,6993.0,63.0,0.9009009009009008
東京都,671,13000,14047594.0,483372.0,3.440959355744478
特別区部,672,13100,9733276.0,403171.0,4.14219220743355
千代田区,673,13101,66680.0,2724.0,4.085182963407318
中央区,674,13102,169179.0,7385.0,4.365198990418433
港区,675,13103,260486.0,17409.0,6.683276644426188
新宿区,676,13104,349385.0,27216.0,7.789687593915022
文京区,677,13105,240069.0,8457.0,3.5227372130512475
台東区,678,13106,211444.0,14275.0,6.751196534306956
墨田区,679,13107,272085.0,10767.0,3.9572192513368982
江東区,680,13108,524310.0,28682.0,5.470427800347124
品川区,681,13109,422488.0,11897.0,2.8159379674688987
目黒区,682,13110,288088.0,8642.0,2.9997778456582713
大田区,683,13111,748081.0,20358.0,2.7213630609519557
世田谷区,684,13112,943664.0,22364.0,2.369911324369691
渋谷区,685,13113,243883.0,8704.0,3.5689244432781293
中野区,686,13114,344880.0,15391.0,4.462711667826491
杉並区,687,13115,591108.0,14107.0,2.38653511710212
豊島区,688,13116,301599.0,25573.0,8.47913951969337
北区,689,13117,355213.0,20368.0,5.734024374107929
荒川区,690,13118,217475.0,16814.0,7.73146338659616
板橋区,691,13119,584483.0,23049.0,3.9434850970858006
練馬区,692,13120,752608.0,18129.0,2.40882371699477
足立区,693,13121,695043.0,29791.0,4.286209630195542
葛飾区,694,13122,453093.0,19229.0,4.243941089356931
江戸川区,695,13123,697932.0,31840.0,4.562049024833366
八王子市,696,13201,579355.0,11790.0,2.0350217051721313
立川市,697,13202,183581.0,4221.0,2.2992575484391087
武蔵野市,698,13203,150149.0,2911.0,1.9387408507549169
三鷹市,699,13204,195391.0,3411.0,1.745730356055294
青梅市,700,13205,133535.0,1858.0,1.3913955142846446
府中市,701,13206,262790.0,4893.0,1.8619429963088396
昭島市,702,13207,113949.0,2669.0,2.342275930460118
調布市,703,13208,242614.0,3980.0,1.6404659252969738
町田市,704,13209,431079.0,6276.0,1.4558816365445777
小金井市,705,13210,126074.0,2456.0,1.948062249155258
小平市,706,13211,198739.0,4673.0,2.351325104785674
日野市,707,13212,190435.0,2989.0,1.569564418305459
東村山市,708,13213,151815.0,2723.0,1.7936304054276586
国分寺市,709,13214,129242.0,2257.0,1.7463363302951052
国立市,710,13215,77130.0,1565.0,2.0290418773499286
福生市,711,13218,56414.0,3080.0,5.45963767859042
狛江市,712,13219,84772.0,1159.0,1.3671967158967584
東大和市,713,13220,83901.0,1071.0,1.276504451675189
清瀬市,714,13221,76208.0,1230.0,1.6140037791307995
東久留米市,715,13222,115271.0,2028.0,1.7593323559264689
武蔵村山市,716,13223,70829.0,1472.0,2.0782447867398948
多摩市,717,13224,146951.0,2366.0,1.6100604963559282
稲城市,718,13225,93151.0,1312.0,1.4084658243067707
羽村市,719,13227,54326.0,1313.0,2.416890623274307
あきる野市,720,13228,79292.0,839.0,1.0581143116581748
西東京市,721,13229,207388.0,4566.0,2.2016702991494204
瑞穂町,722,13303,31765.0,712.0,2.2414607272154887
日の出町,723,13305,16958.0,75.0,0.4422691355112631
檜原村,724,13307,2003.0,5.0,0.2496255616575137
奥多摩町,725,13308,4750.0,48.0,1.0105263157894735
大島町,726,13361,7102.0,86.0,1.210926499577584
利島村,727,13362,327.0,5.0,1.529051987767584
新島村,728,13363,2441.0,11.0,0.4506349856616141
神津島村,729,13364,1855.0,5.0,0.2695417789757413
三宅村,730,13381,2273.0,31.0,1.3638363396392434
御蔵島村,731,13382,323.0,10.0,3.095975232198142
八丈町,732,13401,7042.0,82.0,1.1644419199091167
青ヶ島村,733,13402,169.0,,
小笠原村,734,13421,2929.0,23.0,0.7852509388869922
神奈川県,735,14000,9237337.0,195535.0,2.116789719807776
横浜市,736,14100,3777491.0,88067.0,2.3313622719418787
横浜市鶴見区,737,14101,297437.0,12225.0,4.110114074577138
横浜市神奈川区,738,14102,247267.0,6441.0,2.604876510007401
横浜市西区,739,14103,104935.0,4413.0,4.205460523181017
横浜市中区,740,14104,151388.0,12708.0,8.39432451713478
横浜市南区,741,14105,198157.0,9165.0,4.62512048527178
横浜市保土ケ谷区,742,14106,207811.0,4975.0,2.394002242422201
横浜市磯子区,743,14107,166731.0,4083.0,2.448854742069561
横浜市金沢区,744,14108,198939.0,2795.0,1.4049532771352022
横浜市港北区,745,14109,358530.0,6083.0,1.6966502105820993
横浜市戸塚区,746,14110,283709.0,3878.0,1.3668935423268207
横浜市港南区,747,14111,215248.0,2696.0,1.2525087341113506
横浜市旭区,748,14112,245174.0,2695.0,1.0992193299452633
横浜市緑区,749,14113,183082.0,3767.0,2.05754798396347
横浜市瀬谷区,750,14114,122623.0,1705.0,1.3904406188072385
横浜市栄区,751,14115,120194.0,1075.0,0.8943874070253091
横浜市泉区,752,14116,152378.0,2252.0,1.4779036343829162
横浜市青葉区,753,14117,310756.0,3989.0,1.2836437590907337
横浜市都筑区,754,14118,213132.0,3122.0,1.4648199238030892
川崎市,755,14130,1538262.0,38482.0,2.501654464584057
川崎市川崎区,756,14131,232965.0,13134.0,5.637756744575365
川崎市幸区,757,14132,171119.0,4844.0,2.8307785809875
川崎市中原区,758,14133,263683.0,5240.0,1.9872346719356195
川崎市高津区,759,14134,234328.0,4685.0,1.9993342664982416
川崎市多摩区,760,14135,221734.0,4494.0,2.0267527758485393
川崎市宮前区,761,14136,233728.0,3385.0,1.4482646495071194
川崎市麻生区,762,14137,180705.0,2700.0,1.4941479206441437
相模原市,763,14150,725493.0,13334.0,1.8379226264071464
相模原市緑区,764,14151,170207.0,2935.0,1.7243709130646805
相模原市中央区,765,14152,273875.0,5063.0,1.8486535828388864
相模原市南区,766,14153,281411.0,5336.0,1.8961589987598209
横須賀市,767,14201,388078.0,5081.0,1.3092728781327465
平塚市,768,14203,258422.0,4715.0,1.8245350628042505
鎌倉市,769,14204,172710.0,1401.0,0.8111863817960743
藤沢市,770,14205,436905.0,5198.0,1.1897323216717592
小田原市,771,14206,188856.0,2312.0,1.2242131571144153
茅ヶ崎市,772,14207,242389.0,1753.0,0.72321763776409
逗子市,773,14208,57060.0,491.0,0.8604977216964599
三浦市,774,14210,42069.0,294.0,0.6988518861869786
秦野市,775,14211,162439.0,3254.0,2.003213513996023
厚木市,776,14212,223705.0,7283.0,3.2556268299769786
大和市,777,14213,239169.0,6189.0,2.587709945686941
伊勢原市,778,14214,101780.0,2509.0,2.4651208488897622
海老名市,779,14215,136516.0,2431.0,1.7807436490960769
座間市,780,14216,132325.0,2935.0,2.2180238050255054
南足柄市,781,14217,40841.0,335.0,0.8202541563624788
綾瀬市,782,14218,83913.0,3771.0,4.493940152300597
葉山町,783,14301,31665.0,234.0,0.738986262434865
寒川町,784,14321,48348.0,857.0,1.7725655663109126
大磯町,785,14341,31634.0,141.0,0.4457229563128279
二宮町,786,14342,27564.0,174.0,0.631258162821071
中井町,787,14361,9300.0,329.0,3.5376344086021505
大井町,788,14362,17129.0,120.0,0.7005662910852939
松田町,789,14363,10836.0,80.0,0.7382798080472499
山北町,790,14364,9761.0,73.0,0.747874193217908
開成町,791,14366,18329.0,156.0,0.8511102624256642
箱根町,792,14382,11293.0,354.0,3.1346852032232357
真鶴町,793,14383,6722.0,56.0,0.8330853912526033
湯河原町,794,14384,23426.0,273.0,1.1653718091009988
愛川町,795,14401,39869.0,2831.0,7.100754972535052
清川村,796,14402,3038.0,22.0,0.7241606319947334
新潟県,797,15000,2201272.0,15028.0,0.6826961865684931
新潟市,798,15100,789275.0,4672.0,0.5919356371353457
新潟市北区,799,15101,72804.0,469.0,0.644195373880556
新潟市東区,800,15102,134446.0,800.0,0.5950344376180772
新潟市中央区,801,15103,180345.0,1540.0,0.8539188777066178
新潟市江南区,802,15104,67972.0,342.0,0.5031483552050844
新潟市秋葉区,803,15105,75069.0,249.0,0.3316948407465132
新潟市南区,804,15106,43437.0,159.0,0.3660473789626355
新潟市西区,805,15107,160656.0,876.0,0.5452644158948311
新潟市西蒲区,806,15108,54546.0,237.0,0.4344956550434495
長岡市,807,15202,266936.0,2091.0,0.7833338328288428
三条市,808,15204,94642.0,596.0,0.6297415523763233
柏崎市,809,15205,81526.0,779.0,0.9555233913107476
新発田市,810,15206,94927.0,574.0,0.6046751714475334
小千谷市,811,15208,34096.0,172.0,0.5044580009385266
加茂市,812,15209,25441.0,89.0,0.3498290161550254
十日町市,813,15210,49820.0,276.0,0.5539943797671617
見附市,814,15211,39237.0,230.0,0.5861814104034457
村上市,815,15212,57418.0,312.0,0.5433836079278275
燕市,816,15213,77201.0,456.0,0.5906659240165283
糸魚川市,817,15216,40765.0,361.0,0.8855635962222494
妙高市,818,15217,30383.0,264.0,0.8689069545469505
五泉市,819,15218,47625.0,472.0,0.9910761154855644
上越市,820,15222,188047.0,1507.0,0.801395395831893
阿賀野市,821,15223,40696.0,240.0,0.5897385492431689
佐渡市,822,15224,51492.0,200.0,0.3884098500737978
魚沼市,823,15225,34483.0,220.0,0.6379955340312617
南魚沼市,824,15226,54851.0,689.0,1.2561302437512534
胎内市,825,15227,28509.0,190.0,0.6664562068118839
聖籠町,826,15307,14259.0,277.0,1.9426327231923697
弥彦村,827,15342,7705.0,20.0,0.2595717066839714
田上町,828,15361,11227.0,39.0,0.3473768593569074
阿賀町,829,15385,9965.0,36.0,0.3612644254892122
出雲崎町,830,15405,4113.0,14.0,0.3403841478239727
湯沢町,831,15461,7767.0,111.0,1.429123213595983
津南町,832,15482,8989.0,103.0,1.1458449215708089
刈羽村,833,15504,4380.0,14.0,0.319634703196347
関川村,834,15581,5144.0,22.0,0.4276827371695179
粟島浦村,835,15586,353.0,2.0,0.56657223796034
富山県,836,16000,1034814.0,16326.0,1.577674828519908
富山市,837,16201,413938.0,6380.0,1.541293623682774
高岡市,838,16202,166393.0,2986.0,1.794546645592062
魚津市,839,16204,40535.0,384.0,0.947329468360676
氷見市,840,16205,43950.0,424.0,0.9647326507394768
滑川市,841,16206,32349.0,387.0,1.1963275526291384
黒部市,842,16207,39638.0,315.0,0.7946919622584389
砺波市,843,16208,48154.0,709.0,1.4723595132283922
小矢部市,844,16209,28983.0,514.0,1.7734534037194216
南砺市,845,16210,47937.0,811.0,1.6918038258547676
射水市,846,16211,90742.0,2374.0,2.6162085913909765
舟橋村,847,16321,3132.0,51.0,1.628352490421456
上市町,848,16322,19351.0,217.0,1.1213890754999742
立山町,849,16323,24792.0,207.0,0.834946757018393
入善町,850,16342,23839.0,443.0,1.858299425311464
朝日町,851,16343,11081.0,124.0,1.1190325782871582
石川県,852,17000,1132526.0,13685.0,1.2083607793551758
金沢市,853,17201,463254.0,4798.0,1.0357169069236316
七尾市,854,17202,50300.0,643.0,1.2783300198807157
小松市,855,17203,106216.0,2271.0,2.138095955411614
輪島市,856,17204,24608.0,173.0,0.7030234070221066
珠洲市,857,17205,12929.0,75.0,0.5800912676927836
加賀市,858,17206,63220.0,915.0,1.4473267953179374
羽咋市,859,17207,20407.0,145.0,0.710540500808546
かほく市,860,17209,34889.0,297.0,0.8512711742956233
白山市,861,17210,110408.0,1402.0,1.269835519165278
能美市,862,17211,48523.0,1134.0,2.3370360447622773
野々市市,863,17212,57238.0,473.0,0.8263740871449037
川北町,864,17324,6135.0,63.0,1.0268948655256724
津幡町,865,17361,36957.0,275.0,0.7441080174256568
内灘町,866,17365,26574.0,320.0,1.204184541280951
志賀町,867,17384,18630.0,163.0,0.874932903918411
宝達志水町,868,17386,12121.0,173.0,1.427274977312103
中能登町,869,17407,16540.0,179.0,1.082224909310762
穴水町,870,17461,7890.0,80.0,1.0139416983523446
能登町,871,17463,15687.0,106.0,0.6757187480079047
福井県,872,18000,766863.0,13796.0,1.7990175559389354
福井市,873,18201,262328.0,3879.0,1.4786831752615046
敦賀市,874,18202,64264.0,734.0,1.1421635752520851
小浜市,875,18204,28991.0,278.0,0.9589182849849954
大野市,876,18205,31286.0,469.0,1.4990730678258646
勝山市,877,18206,22150.0,277.0,1.2505643340857788
鯖江市,878,18207,68302.0,787.0,1.1522356592779128
あわら市,879,18208,27524.0,466.0,1.6930678680424356
越前市,880,18209,80611.0,4649.0,5.767202987185371
坂井市,881,18210,88481.0,1409.0,1.592432273595461
永平寺町,882,18322,18965.0,236.0,1.244397574479304
池田町,883,18382,2423.0,14.0,0.5777961205117622
南越前町,884,18404,10002.0,57.0,0.5698860227954409
越前町,885,18423,20118.0,174.0,0.864897107068297
美浜町,886,18442,9179.0,70.0,0.7626103061335657
高浜町,887,18481,10326.0,144.0,1.3945380592678676
おおい町,888,18483,7910.0,68.0,0.8596713021491783
若狭町,889,18501,14003.0,85.0,0.6070127829750768
山梨県,890,19000,809974.0,13993.0,1.7275863175855029
甲府市,891,19201,189591.0,4743.0,2.501701030112189
富士吉田市,892,19202,46530.0,437.0,0.9391790242854072
都留市,893,19204,31016.0,517.0,1.6668816094918752
山梨市,894,19205,33435.0,185.0,0.5533123971885748
大月市,895,19206,22512.0,170.0,0.7551528073916134
韮崎市,896,19207,29067.0,487.0,1.675439501840575
南アルプス市,897,19208,69459.0,971.0,1.3979469903108308
北杜市,898,19209,44053.0,506.0,1.148616439289038
甲斐市,899,19210,75313.0,965.0,1.2813192941457652
笛吹市,900,19211,66947.0,874.0,1.3055103290662764
上野原市,901,19212,22669.0,319.0,1.40720808152102
甲州市,902,19213,29237.0,162.0,0.5540924171426617
中央市,903,19214,31216.0,1646.0,5.272936955407483
市川三郷町,904,19346,14700.0,213.0,1.4489795918367347
早川町,905,19364,1098.0,7.0,0.6375227686703097
身延町,906,19365,10663.0,96.0,0.9003094813842258
南部町,907,19366,7156.0,59.0,0.8244829513694802
富士川町,908,19368,14219.0,144.0,1.012729446515226
昭和町,909,19384,20909.0,692.0,3.309579606867856
道志村,910,19422,1607.0,9.0,0.5600497822028625
西桂町,911,19423,4041.0,29.0,0.7176441474882455
忍野村,912,19424,9237.0,238.0,2.576594132294035
山中湖村,913,19425,5179.0,121.0,2.3363583703417645
鳴沢村,914,19429,2824.0,21.0,0.7436260623229463
富士河口湖町,915,19430,26082.0,373.0,1.4301050532934592
小菅村,916,19442,684.0,8.0,1.1695906432748535
丹波山村,917,19443,530.0,1.0,0.1886792452830188
長野県,918,20000,2048011.0,31491.0,1.5376382255759369
長野市,919,20201,372760.0,3094.0,0.8300246807597382
松本市,920,20202,241145.0,3425.0,1.4203072839992537
上田市,921,20203,154055.0,3148.0,2.043426049138295
岡谷市,922,20204,47790.0,723.0,1.5128688010043942
飯田市,923,20205,98164.0,1995.0,2.032313271667821
諏訪市,924,20206,48729.0,1075.0,2.206078515873505
須坂市,925,20207,49559.0,624.0,1.2591053088238262
小諸市,926,20208,40991.0,753.0,1.836988607255251
伊那市,927,20209,66125.0,1645.0,2.487712665406427
駒ヶ根市,928,20210,32202.0,552.0,1.714179243525247
中野市,929,20211,42338.0,546.0,1.289621616514715
大町市,930,20212,26029.0,468.0,1.7979945445464671
飯山市,931,20213,19539.0,191.0,0.977532115256666
茅野市,932,20214,56400.0,907.0,1.6081560283687943
塩尻市,933,20215,67241.0,1233.0,1.8337026516559836
佐久市,934,20217,98199.0,1109.0,1.1293394026415748
千曲市,935,20218,58852.0,754.0,1.2811799089240807
東御市,936,20219,30122.0,465.0,1.5437221964013017
安曇野市,937,20220,94222.0,1092.0,1.1589649975589564
小海町,938,20303,4353.0,68.0,1.562141052147944
川上村,939,20304,4344.0,825.0,18.99171270718232
南牧村,940,20305,3242.0,452.0,13.942011104256633
南相木村,941,20306,962.0,21.0,2.182952182952183
北相木村,942,20307,752.0,34.0,4.521276595744681
佐久穂町,943,20309,10218.0,70.0,0.6850655705617538
軽井沢町,944,20321,19188.0,393.0,2.048155096935585
御代田町,945,20323,15555.0,367.0,2.3593699774991967
立科町,946,20324,6612.0,107.0,1.61826981246219
青木村,947,20349,4121.0,30.0,0.7279786459597185
長和町,948,20350,5600.0,48.0,0.8571428571428572
下諏訪町,949,20361,19155.0,234.0,1.2216131558339858
富士見町,950,20362,14084.0,214.0,1.5194547003692134
原村,951,20363,7680.0,116.0,1.5104166666666667
辰野町,952,20382,18555.0,353.0,1.9024521692266236
箕輪町,953,20383,24989.0,743.0,2.973308255632478
飯島町,954,20384,9004.0,223.0,2.476677032430031
南箕輪村,955,20385,15797.0,276.0,1.7471671836424638
中川村,956,20386,4651.0,63.0,1.3545474091593206
宮田村,957,20388,8569.0,272.0,3.174232699264792
松川町,958,20402,12530.0,114.0,0.9098164405426976
高森町,959,20403,12811.0,158.0,1.2333151198189056
阿南町,960,20404,4299.0,41.0,0.9537101651546872
阿智村,961,20407,6068.0,127.0,2.092946605141727
平谷村,962,20409,387.0,3.0,0.7751937984496124
根羽村,963,20410,852.0,15.0,1.7605633802816902
下條村,964,20411,3545.0,36.0,1.0155148095909732
売木村,965,20412,548.0,7.0,1.2773722627737227
天龍村,966,20413,1178.0,11.0,0.933786078098472
泰阜村,967,20414,1542.0,26.0,1.6861219195849546
喬木村,968,20415,5973.0,57.0,0.9542943244600702
豊丘村,969,20416,6426.0,119.0,1.8518518518518516
大鹿村,970,20417,1023.0,12.0,1.1730205278592376
上松町,971,20422,4131.0,55.0,1.3313967562333575
南木曽町,972,20423,3915.0,29.0,0.7407407407407408
木祖村,973,20425,2692.0,24.0,0.8915304606240713
王滝村,974,20429,715.0,13.0,1.818181818181818
大桑村,975,20430,3439.0,76.0,2.209944751381215
木曽町,976,20432,10584.0,121.0,1.1432350718065003
麻績村,977,20446,2593.0,18.0,0.6941766293868107
生坂村,978,20448,1639.0,11.0,0.6711409395973155
山形村,979,20450,8400.0,163.0,1.9404761904761905
朝日村,980,20451,4279.0,41.0,0.9581677962140688
筑北村,981,20452,4149.0,28.0,0.6748614123885274
池田町,982,20481,9382.0,120.0,1.2790449797484544
松川村,983,20482,9599.0,134.0,1.3959787477862278
白馬村,984,20485,8575.0,292.0,3.405247813411079
小谷村,985,20486,2647.0,61.0,2.30449565545901
坂城町,986,20521,14004.0,377.0,2.6920879748643247
小布施町,987,20541,10660.0,47.0,0.4409005628517823
高山村,988,20543,6617.0,98.0,1.4810337010729937
山ノ内町,989,20561,11352.0,163.0,1.4358703312191683
木島平村,990,20562,4375.0,21.0,0.48
野沢温泉村,991,20563,3279.0,32.0,0.9759072888075632
信濃町,992,20583,7739.0,59.0,0.7623723995348236
小川村,993,20588,2215.0,16.0,0.7223476297968396
飯綱町,994,20590,10296.0,43.0,0.4176379176379176
栄村,995,20602,1660.0,15.0,0.9036144578313252
岐阜県,996,21000,1978742.0,48979.0,2.475259533582448
岐阜市,997,21201,402557.0,6362.0,1.5803973101945812
大垣市,998,21202,158286.0,4934.0,3.1171423878296247
高山市,999,21203,84419.0,706.0,0.8363046233667777
多治見市,1000,21204,106732.0,1870.0,1.752051868230709
関市,1001,21205,85283.0,1952.0,2.2888500639048814
中津川市,1002,21206,76570.0,1755.0,2.2920203735144313
美濃市,1003,21207,19247.0,486.0,2.5250688418974385
瑞浪市,1004,21208,37150.0,941.0,2.5329744279946165
羽島市,1005,21209,65649.0,987.0,1.503450166796143
恵那市,1006,21210,47774.0,818.0,1.7122284087579018
美濃加茂市,1007,21211,56689.0,4642.0,8.188537458766252
土岐市,1008,21212,55348.0,1640.0,2.9630700296307
各務原市,1009,21213,144521.0,2974.0,2.057832425737436
可児市,1010,21214,99968.0,7335.0,7.33734795134443
山県市,1011,21215,25280.0,593.0,2.3457278481012658
瑞穂市,1012,21216,56388.0,2158.0,3.8270554018585514
飛騨市,1013,21217,22538.0,122.0,0.5413080131333747
本巣市,1014,21218,32928.0,576.0,1.749271137026239
郡上市,1015,21219,38997.0,493.0,1.2641998102418135
下呂市,1016,21220,30428.0,463.0,1.5216248192454318
海津市,1017,21221,32735.0,686.0,2.09561631281503
岐南町,1018,21302,25881.0,574.0,2.217843205440285
笠松町,1019,21303,22208.0,321.0,1.4454250720461097
養老町,1020,21341,26882.0,438.0,1.62934305483223
垂井町,1021,21361,26402.0,794.0,3.0073479281872584
関ケ原町,1022,21362,6610.0,139.0,2.102874432677761
神戸町,1023,21381,18585.0,363.0,1.95318805488297
輪之内町,1024,21382,9654.0,456.0,4.723430702299565
安八町,1025,21383,14355.0,275.0,1.9157088122605364
揖斐川町,1026,21401,19529.0,222.0,1.1367709560141328
大野町,1027,21403,22041.0,262.0,1.1886937979220544
池田町,1028,21404,23360.0,520.0,2.2260273972602738
北方町,1029,21421,18139.0,436.0,2.4036606207618942
坂祝町,1030,21501,8071.0,503.0,6.232189319786891
富加町,1031,21502,5626.0,135.0,2.399573409171703
川辺町,1032,21503,9860.0,200.0,2.028397565922921
七宗町,1033,21504,3402.0,27.0,0.7936507936507936
八百津町,1034,21505,10195.0,139.0,1.3634134379597842
白川町,1035,21506,7412.0,104.0,1.4031300593631948
東白川村,1036,21507,2016.0,20.0,0.992063492063492
御嵩町,1037,21521,17516.0,529.0,3.0200959123087463
白川村,1038,21604,1511.0,29.0,1.9192587690271343
静岡県,1039,22000,3633202.0,86046.0,2.3683241394230214
静岡市,1040,22100,693389.0,9764.0,1.4081561720765687
静岡市葵区,1041,22101,249297.0,2756.0,1.1055086904375102
静岡市駿河区,1042,22102,213026.0,4268.0,2.0035113084787772
静岡市清水区,1043,22103,231066.0,2740.0,1.1858083837518285
浜松市,1044,22130,790718.0,22368.0,2.8288214002969454
浜松市中区,1045,22131,235240.0,8218.0,3.49345349430369
浜松市東区,1046,22132,129356.0,3075.0,2.37716070379418
浜松市西区,1047,22133,108160.0,2644.0,2.4445266272189348
浜松市南区,1048,22134,99769.0,4108.0,4.117511451452857
浜松市北区,1049,22135,92688.0,1726.0,1.8621612290695668
浜松市浜北区,1050,22136,98779.0,2247.0,2.2747750027839926
浜松市天竜区,1051,22137,26726.0,350.0,1.3095861707700367
沼津市,1052,22203,189386.0,4042.0,2.1342654684084357
熱海市,1053,22205,34208.0,494.0,1.444106641721235
三島市,1054,22206,107783.0,1192.0,1.1059257953480606
富士宮市,1055,22207,128105.0,1914.0,1.4940868818547286
伊東市,1056,22208,65491.0,494.0,0.754302117848254
島田市,1057,22209,95719.0,1306.0,1.36441040963654
富士市,1058,22210,245392.0,4998.0,2.036741214057508
磐田市,1059,22211,166672.0,7346.0,4.407458961313238
焼津市,1060,22212,136845.0,4355.0,3.182432679308707
掛川市,1061,22213,114954.0,4090.0,3.5579449170972737
藤枝市,1062,22214,141342.0,1618.0,1.1447411243650154
御殿場市,1063,22215,86614.0,2100.0,2.4245503036460616
袋井市,1064,22216,87864.0,4336.0,4.934899389966311
下田市,1065,22219,20183.0,173.0,0.8571570133280483
裾野市,1066,22220,50911.0,712.0,1.3985189841095245
湖西市,1067,22221,57885.0,3284.0,5.673317785263885
伊豆市,1068,22222,28190.0,197.0,0.6988293721177722
御前崎市,1069,22223,31103.0,914.0,2.9386232839275954
菊川市,1070,22224,47789.0,3473.0,7.2673627822302205
伊豆の国市,1071,22225,46804.0,554.0,1.1836595162806598
牧之原市,1072,22226,43502.0,1968.0,4.5239299342558965
東伊豆町,1073,22301,11488.0,140.0,1.2186629526462396
河津町,1074,22302,6870.0,44.0,0.6404657933042213
南伊豆町,1075,22304,7877.0,45.0,0.5712834835597308
松崎町,1076,22305,6038.0,21.0,0.3477972838688307
西伊豆町,1077,22306,7090.0,88.0,1.2411847672778562
函南町,1078,22325,36794.0,282.0,0.766429309126488
清水町,1079,22341,31710.0,1154.0,3.639230526647745
長泉町,1080,22342,43336.0,401.0,0.9253276721432528
小山町,1081,22344,18568.0,196.0,1.0555794915984489
吉田町,1082,22424,28919.0,1555.0,5.377087727791417
川根本町,1083,22429,6206.0,87.0,1.4018691588785046
森町,1084,22461,17457.0,341.0,1.9533711405166985
愛知県,1085,23000,7542415.0,231369.0,3.067571858615576
名古屋市,1086,23100,2332176.0,69501.0,2.9800924115504146
名古屋市千種区,1087,23101,165245.0,5711.0,3.4560803655178676
名古屋市東区,1088,23102,84392.0,3364.0,3.986159825575884
名古屋市北区,1089,23103,162956.0,5292.0,3.2475023932840767
名古屋市西区,1090,23104,151082.0,3740.0,2.4754768933426883
名古屋市中村区,1091,23105,138599.0,4210.0,3.037539953390717
名古屋市中区,1092,23106,93100.0,5254.0,5.6433941997851775
名古屋市昭和区,1093,23107,107599.0,3461.0,3.2165726447271816
名古屋市瑞穂区,1094,23108,108332.0,1422.0,1.312631540080493
名古屋市熱田区,1095,23109,66957.0,1940.0,2.8973819018175844
名古屋市中川区,1096,23110,220728.0,6367.0,2.8845456851871987
名古屋市港区,1097,23111,143715.0,8293.0,5.770448457015622
名古屋市南区,1098,23112,134510.0,5662.0,4.20935246450078
名古屋市守山区,1099,23113,176587.0,3290.0,1.8631043055264545
名古屋市緑区,1100,23114,248802.0,4990.0,2.005610887372288
名古屋市名東区,1101,23115,164755.0,3327.0,2.0193620830930774
名古屋市天白区,1102,23116,164817.0,3178.0,1.9281991542134609
豊橋市,1103,23201,371920.0,16916.0,4.548289954828996
岡崎市,1104,23202,384654.0,10887.0,2.8303358342822382
一宮市,1105,23203,380073.0,5774.0,1.5191818413831029
瀬戸市,1106,23204,127792.0,3971.0,3.107393264054088
半田市,1107,23205,117884.0,3862.0,3.2761019307115467
春日井市,1108,23206,308681.0,6657.0,2.156595320087728
豊川市,1109,23207,184661.0,6115.0,3.311473456766724
津島市,1110,23208,60942.0,1347.0,2.210298316432018
碧南市,1111,23209,72458.0,5045.0,6.962654227276491
刈谷市,1112,23210,153834.0,4708.0,3.0604417749002173
豊田市,1113,23211,422330.0,15974.0,3.7823502947931713
安城市,1114,23212,187990.0,7101.0,3.7773285813075166
西尾市,1115,23213,169046.0,8909.0,5.270163150858346
蒲郡市,1116,23214,79538.0,3025.0,3.8032135582991775
犬山市,1117,23215,73090.0,2218.0,3.034614858393761
常滑市,1118,23216,58710.0,1273.0,2.1682847896440127
江南市,1119,23217,98255.0,1544.0,1.5714213017149254
小牧市,1120,23219,148831.0,9011.0,6.054518211931654
稲沢市,1121,23220,134751.0,3083.0,2.2879236517725285
新城市,1122,23221,44355.0,885.0,1.9952654717619207
東海市,1123,23222,113787.0,1753.0,1.5405977835780889
大府市,1124,23223,93123.0,2611.0,2.8038186055002523
知多市,1125,23224,84364.0,1902.0,2.254516144326964
知立市,1126,23225,72193.0,4729.0,6.550496585541535
尾張旭市,1127,23226,83144.0,1309.0,1.5743769845088038
高浜市,1128,23227,46106.0,3290.0,7.135730707500108
岩倉市,1129,23228,47983.0,2321.0,4.83712981681012
豊明市,1130,23229,69295.0,3021.0,4.359621906342449
日進市,1131,23230,91520.0,1396.0,1.5253496503496504
田原市,1132,23231,59360.0,1152.0,1.940700808625337
愛西市,1133,23232,60829.0,838.0,1.3776323792927714
清須市,1134,23233,67352.0,1201.0,1.783169022449222
北名古屋市,1135,23234,86385.0,1950.0,2.2573363431151243
弥富市,1136,23235,43025.0,1521.0,3.5351539802440444
みよし市,1137,23236,61952.0,2026.0,3.2702737603305785
あま市,1138,23237,86126.0,2048.0,2.3779114320878714
長久手市,1139,23238,60162.0,737.0,1.2250257637711512
東郷町,1140,23302,43903.0,1220.0,2.778853381317905
豊山町,1141,23342,15613.0,430.0,2.754115160443221
大口町,1142,23361,24305.0,608.0,2.501542892408969
扶桑町,1143,23362,34133.0,424.0,1.24219963085577
大治町,1144,23424,32399.0,696.0,2.1482144510633043
蟹江町,1145,23425,37338.0,1415.0,3.7897048583212816
飛島村,1146,23427,4575.0,246.0,5.377049180327869
阿久比町,1147,23441,28383.0,305.0,1.0745869006095197
東浦町,1148,23442,49596.0,1314.0,2.6494072102588917
南知多町,1149,23445,16617.0,389.0,2.3409761088042367
美浜町,1150,23446,22496.0,306.0,1.3602418207681366
武豊町,1151,23447,43535.0,1109.0,2.5473756747444587
幸田町,1152,23501,42449.0,1233.0,2.904662065066314
設楽町,1153,23561,4437.0,26.0,0.5859815190443994
東栄町,1154,23562,2942.0,17.0,0.5778382053025153
豊根村,1155,23563,1017.0,20.0,1.966568338249754
三重県,1156,24000,1770254.0,44721.0,2.5262476458180574
津市,1157,24201,274537.0,7377.0,2.687069502471434
四日市市,1158,24202,305424.0,8530.0,2.7928388076902926
伊勢市,1159,24203,122765.0,991.0,0.807233331975726
松阪市,1160,24204,159145.0,3859.0,2.4248326997392313
桑名市,1161,24205,138613.0,3707.0,2.6743523334752153
鈴鹿市,1162,24207,195670.0,6432.0,3.2871671692134714
名張市,1163,24208,76387.0,965.0,1.2633039653344156
尾鷲市,1164,24209,16252.0,184.0,1.1321683485109524
亀山市,1165,24210,49835.0,1658.0,3.326979030801646
鳥羽市,1166,24211,17525.0,165.0,0.94151212553495
熊野市,1167,24212,15965.0,104.0,0.6514249921703728
いなべ市,1168,24214,44973.0,1842.0,4.095790807818024
志摩市,1169,24215,46057.0,330.0,0.7165034631000716
伊賀市,1170,24216,88766.0,4993.0,5.624901426221752
木曽岬町,1171,24303,6023.0,302.0,5.014112568487464
東員町,1172,24324,25784.0,593.0,2.2998758920260625
菰野町,1173,24341,40559.0,770.0,1.8984688971621588
朝日町,1174,24343,11021.0,164.0,1.488068233372652
川越町,1175,24344,15123.0,543.0,3.590557429081531
多気町,1176,24441,14021.0,138.0,0.984237928821054
明和町,1177,24442,22445.0,176.0,0.7841390064602362
大台町,1178,24443,8668.0,103.0,1.1882787263497925
玉城町,1179,24461,15041.0,164.0,1.090353035037564
度会町,1180,24470,7847.0,46.0,0.5862112909392124
大紀町,1181,24471,7815.0,83.0,1.0620601407549586
南伊勢町,1182,24472,10989.0,79.0,0.7189007189007189
紀北町,1183,24543,14604.0,275.0,1.883045740892906
御浜町,1184,24561,8079.0,46.0,0.5693773981928456
紀宝町,1185,24562,10321.0,102.0,0.9882763298130028
滋賀県,1186,25000,1413610.0,28704.0,2.030545907287017
大津市,1187,25201,345070.0,4035.0,1.1693279624424031
彦根市,1188,25202,113647.0,2274.0,2.0009327126980914
長浜市,1189,25203,113636.0,3253.0,2.8626491604773134
近江八幡市,1190,25204,81122.0,1376.0,1.6962106456941397
草津市,1191,25206,143913.0,2306.0,1.6023569795640422
守山市,1192,25207,83236.0,1025.0,1.2314383199577106
栗東市,1193,25208,68820.0,1297.0,1.8846265620459168
甲賀市,1194,25209,88358.0,3201.0,3.6227619457208178
野洲市,1195,25210,50513.0,599.0,1.1858333498307363
湖南市,1196,25211,54460.0,3083.0,5.661035622475211
高島市,1197,25212,46377.0,462.0,0.9961834530047222
東近江市,1198,25213,112819.0,3536.0,3.1342238452742888
米原市,1199,25214,37225.0,524.0,1.4076561450638012
日野町,1200,25383,20964.0,557.0,2.656935699294028
竜王町,1201,25384,11789.0,98.0,0.8312833997794554
愛荘町,1202,25425,20893.0,798.0,3.819461063514096
豊郷町,1203,25441,7132.0,188.0,2.6360067302299495
甲良町,1204,25442,6362.0,55.0,0.8645080163470606
多賀町,1205,25443,7274.0,37.0,0.5086609843277426
京都府,1206,26000,2578087.0,52442.0,2.034143921442527
京都市,1207,26100,1463723.0,39386.0,2.6908096682227445
京都市北区,1208,26101,117165.0,2380.0,2.0313233474160373
京都市上京区,1209,26102,83832.0,2725.0,3.25054871648058
京都市左京区,1210,26103,166039.0,6288.0,3.7870620757773774
京都市中京区,1211,26104,110488.0,2453.0,2.2201506045905437
京都市東山区,1212,26105,36602.0,1008.0,2.753947871701
京都市下京区,1213,26106,82784.0,2300.0,2.778314650173946
京都市南区,1214,26107,101970.0,5095.0,4.996567617926841
京都市右京区,1215,26108,202047.0,4618.0,2.2856068142560892
京都市伏見区,1216,26109,277858.0,7916.0,2.848937226928862
京都市山科区,1217,26110,135101.0,2085.0,1.543289835012324
京都市西京区,1218,26111,149837.0,2518.0,1.6804928021783672
福知山市,1219,26201,77306.0,979.0,1.2663958813028742
舞鶴市,1220,26202,80336.0,836.0,1.0406293567018523
綾部市,1221,26203,31846.0,431.0,1.35338818061923
宇治市,1222,26204,179630.0,2533.0,1.4101208038746311
宮津市,1223,26205,16758.0,126.0,0.7518796992481203
亀岡市,1224,26206,86174.0,836.0,0.970130201684963
城陽市,1225,26207,74607.0,633.0,0.8484458562869436
向日市,1226,26208,56859.0,470.0,0.826606166130252
長岡京市,1227,26209,80608.0,627.0,0.7778384279475983
八幡市,1228,26210,70433.0,1572.0,2.23190833842091
京田辺市,1229,26211,73753.0,915.0,1.2406274998983091
京丹後市,1230,26212,50860.0,414.0,0.81399921352733
南丹市,1231,26213,31629.0,325.0,1.0275380189066996
木津川市,1232,26214,77907.0,561.0,0.7200893372867649
大山崎町,1233,26303,15953.0,111.0,0.6957938945652855
久御山町,1234,26322,15250.0,513.0,3.363934426229508
井手町,1235,26343,7406.0,206.0,2.7815284904131787
宇治田原町,1236,26344,8911.0,358.0,4.017506452698911
笠置町,1237,26364,1144.0,3.0,0.2622377622377622
和束町,1238,26365,3478.0,16.0,0.460034502587694
精華町,1239,26366,36198.0,316.0,0.8729764075363279
南山城村,1240,26367,2391.0,20.0,0.8364700961940611
京丹波町,1241,26407,12907.0,150.0,1.1621600681800577
伊根町,1242,26463,1928.0,8.0,0.4149377593360996
与謝野町,1243,26465,20092.0,97.0,0.4827792156082022
大阪府,1244,27000,8837685.0,208681.0,2.361263158847594
大阪市,1245,27100,2752412.0,121586.0,4.417434599180646
大阪市都島区,1246,27102,107904.0,2924.0,2.7098161328588373
大阪市福島区,1247,27103,79328.0,1438.0,1.812726906010488
大阪市此花区,1248,27104,65251.0,1759.0,2.6957441265267965
大阪市西区,1249,27106,105862.0,3979.0,3.758666943756966
大阪市港区,1250,27107,80948.0,2524.0,3.1180510945298217
大阪市大正区,1251,27108,62083.0,1391.0,2.240548942544658
大阪市天王寺区,1252,27109,82148.0,4239.0,5.160198665822661
大阪市浪速区,1253,27111,75504.0,8858.0,11.731828777283322
大阪市西淀川区,1254,27113,95864.0,3594.0,3.74906116999082
大阪市東淀川区,1255,27114,177120.0,6233.0,3.519083107497742
大阪市東成区,1256,27115,84906.0,6123.0,7.211504487315384
大阪市生野区,1257,27116,127309.0,23657.0,18.582346888279694
大阪市旭区,1258,27117,89670.0,2043.0,2.278353964536634
大阪市城東区,1259,27118,169043.0,4699.0,2.7797660950172443
大阪市阿倍野区,1260,27119,110995.0,2838.0,2.5568719311680708
大阪市住吉区,1261,27120,153056.0,3380.0,2.208342044741794
大阪市東住吉区,1262,27121,127849.0,3015.0,2.3582507489303786
大阪市西成区,1263,27122,106111.0,7324.0,6.902206180320608
大阪市淀川区,1264,27123,183444.0,6484.0,3.5345936634613286
大阪市鶴見区,1265,27124,112691.0,1879.0,1.6673913622205854
大阪市住之江区,1266,27125,120072.0,3669.0,3.055666600039976
大阪市平野区,1267,27126,192152.0,7354.0,3.827178483700404
大阪市北区,1268,27127,139376.0,4888.0,3.5070600390311104
大阪市中央区,1269,27128,103726.0,7294.0,7.031988122553651
堺市,1270,27140,826161.0,12486.0,1.5113276952071086
堺市堺区,1271,27141,148682.0,4177.0,2.8093515018630364
堺市中区,1272,27142,121236.0,1213.0,1.0005278960044872
堺市東区,1273,27143,85043.0,728.0,0.8560375339534119
堺市西区,1274,27144,135375.0,1567.0,1.1575253924284394
堺市南区,1275,27145,138464.0,2460.0,1.776635082042986
堺市北区,1276,27146,159757.0,1789.0,1.119825735335541
堺市美原区,1277,27147,37604.0,552.0,1.4679289437293903
岸和田市,1278,27202,190658.0,2413.0,1.265616968603468
豊中市,1279,27203,401558.0,5287.0,1.31662175825161
池田市,1280,27204,104993.0,1882.0,1.792500452411113
吹田市,1281,27205,385567.0,4718.0,1.2236524391350918
泉大津市,1282,27206,74412.0,1181.0,1.5871096059775305
高槻市,1283,27207,352698.0,3022.0,0.8568236848521964
貝塚市,1284,27208,84443.0,865.0,1.0243596272041495
守口市,1285,27209,143096.0,2223.0,1.5535025437468553
枚方市,1286,27210,397289.0,3090.0,0.7777713452927214
茨木市,1287,27211,287730.0,3216.0,1.1177145240329476
八尾市,1288,27212,264642.0,7104.0,2.6843811639875756
泉佐野市,1289,27213,100131.0,1735.0,1.7327301235381651
富田林市,1290,27214,108699.0,1311.0,1.2060828526481384
寝屋川市,1291,27215,229733.0,2626.0,1.1430660810593167
河内長野市,1292,27216,101692.0,617.0,0.6067340597097116
松原市,1293,27217,117641.0,1482.0,1.2597648778912114
大東市,1294,27218,119367.0,2528.0,2.1178382635066644
和泉市,1295,27219,184495.0,2263.0,1.226591506544893
箕面市,1296,27220,136868.0,2373.0,1.733787298711167
柏原市,1297,27221,68775.0,1280.0,1.8611414031261355
羽曳野市,1298,27222,108736.0,950.0,0.8736756915832844
門真市,1299,27223,119764.0,2833.0,2.365485454727631
摂津市,1300,27224,87456.0,1382.0,1.5802231979509695
高石市,1301,27225,55635.0,465.0,0.8358047991372337
藤井寺市,1302,27226,63688.0,685.0,1.0755558346941338
東大阪市,1303,27227,493940.0,13235.0,2.6794752399076813
泉南市,1304,27228,60102.0,589.0,0.9800006655352568
四條畷市,1305,27229,55177.0,481.0,0.8717400366094568
交野市,1306,27230,75033.0,499.0,0.6650407154185491
大阪狭山市,1307,27231,58435.0,376.0,0.6434499871652263
阪南市,1308,27232,51254.0,342.0,0.6672649939516916
島本町,1309,27301,30927.0,224.0,0.7242862223946713
豊能町,1310,27321,18279.0,93.0,0.5087805678647629
能勢町,1311,27322,9079.0,95.0,1.0463707456768367
忠岡町,1312,27341,16567.0,437.0,2.637773887849339
熊取町,1313,27361,43763.0,245.0,0.5598336494298837
田尻町,1314,27362,8434.0,104.0,1.233104102442495
岬町,1315,27366,14741.0,91.0,0.6173258259276847
太子町,1316,27381,13009.0,111.0,0.8532554385425474
河南町,1317,27382,15697.0,141.0,0.8982608141683125
千早赤阪村,1318,27383,4909.0,15.0,0.3055612140965573
兵庫県,1319,28000,5465002.0,87280.0,1.5970716936608624
神戸市,1320,28100,1525152.0,33009.0,2.164308868886511
神戸市東灘区,1321,28101,213562.0,4183.0,1.958681787958532
神戸市灘区,1322,28102,136747.0,3139.0,2.2954799739665224
神戸市兵庫区,1323,28105,109144.0,3763.0,3.4477387671333286
神戸市長田区,1324,28106,94791.0,4917.0,5.187201316580689
神戸市須磨区,1325,28107,158719.0,2792.0,1.75908366358155
神戸市垂水区,1326,28108,215302.0,1972.0,0.9159227503692488
神戸市北区,1327,28109,210492.0,1816.0,0.8627406267221557
神戸市中央区,1328,28110,147518.0,8156.0,5.528816822353883
神戸市西区,1329,28111,238877.0,2271.0,0.9506984766218598
姫路市,1330,28201,530495.0,10045.0,1.8935145477337203
尼崎市,1331,28202,459593.0,8420.0,1.832055753677711
明石市,1332,28203,303601.0,3356.0,1.1053982035632297
西宮市,1333,28204,485587.0,6104.0,1.2570352995446747
洲本市,1334,28205,41236.0,284.0,0.6887185954020759
芦屋市,1335,28206,93922.0,1441.0,1.5342518259832627
伊丹市,1336,28207,198138.0,2802.0,1.4141658843836111
相生市,1337,28208,28355.0,400.0,1.4106859460412626
豊岡市,1338,28209,77489.0,633.0,0.8168901392455703
加古川市,1339,28210,260878.0,2520.0,0.9659687670098668
赤穂市,1340,28212,45892.0,352.0,0.7670182166826461
西脇市,1341,28213,38673.0,662.0,1.7117885863522353
宝塚市,1342,28214,226432.0,2535.0,1.119541407574901
三木市,1343,28215,75294.0,1650.0,2.1914096740776157
高砂市,1344,28216,87722.0,1080.0,1.2311620802079295
川西市,1345,28217,152321.0,1182.0,0.775992804669087
小野市,1346,28218,47562.0,828.0,1.7408855809259494
三田市,1347,28219,109238.0,776.0,0.71037551035354
加西市,1348,28220,42700.0,1269.0,2.971896955503513
丹波篠山市,1349,28221,39611.0,762.0,1.9237080608921764
養父市,1350,28222,22129.0,106.0,0.4790094446201817
丹波市,1351,28223,61471.0,928.0,1.5096549592490769
南あわじ市,1352,28224,44137.0,355.0,0.8043138409950835
朝来市,1353,28225,28989.0,323.0,1.1142157370036911
淡路市,1354,28226,41967.0,302.0,0.7196130292849143
宍粟市,1355,28227,34819.0,236.0,0.6777908613113529
加東市,1356,28228,40645.0,1726.0,4.246524787796777
たつの市,1357,28229,74316.0,499.0,0.6714570213682114
猪名川町,1358,28301,29680.0,189.0,0.6367924528301887
多可町,1359,28365,19261.0,283.0,1.4692902756866206
稲美町,1360,28381,30268.0,405.0,1.3380467820800843
播磨町,1361,28382,33604.0,466.0,1.3867396738483515
市川町,1362,28442,11231.0,129.0,1.1486065354821475
福崎町,1363,28443,19377.0,445.0,2.2965371316509264
神河町,1364,28446,10616.0,62.0,0.5840241145440844
太子町,1365,28464,33477.0,231.0,0.6900259879917555
上郡町,1366,28481,13879.0,119.0,0.8574104762590965
佐用町,1367,28501,15863.0,143.0,0.9014688268297296
香美町,1368,28585,16064.0,99.0,0.6162848605577689
新温泉町,1369,28586,13318.0,124.0,0.9310707313410422
奈良県,1370,29000,1324473.0,11505.0,0.8686473789952683
奈良市,1371,29201,354630.0,3047.0,0.859205368976116
大和高田市,1372,29202,61744.0,532.0,0.8616221819124125
大和郡山市,1373,29203,83285.0,666.0,0.7996638050069039
天理市,1374,29204,63889.0,740.0,1.158258855201991
橿原市,1375,29205,120922.0,904.0,0.7475893551214833
桜井市,1376,29206,54857.0,597.0,1.0882840840731356
五條市,1377,29207,27927.0,280.0,1.0026139578185984
御所市,1378,29208,24096.0,266.0,1.103917662682603
生駒市,1379,29209,116675.0,1213.0,1.0396400257124492
香芝市,1380,29210,78113.0,508.0,0.650339892207443
葛城市,1381,29211,36832.0,349.0,0.94754561251086
宇陀市,1382,29212,28121.0,238.0,0.8463425909462678
山添村,1383,29322,3226.0,34.0,1.0539367637941723
平群町,1384,29342,18009.0,99.0,0.5497251374312844
三郷町,1385,29343,23219.0,148.0,0.637409018476248
斑鳩町,1386,29344,27587.0,181.0,0.6561061369485627
安堵町,1387,29345,7225.0,203.0,2.809688581314879
川西町,1388,29361,8167.0,157.0,1.922370515489164
三宅町,1389,29362,6439.0,83.0,1.289020034166796
田原本町,1390,29363,31177.0,208.0,0.667158482214453
曽爾村,1391,29385,1295.0,15.0,1.1583011583011582
御杖村,1392,29386,1479.0,9.0,0.6085192697768762
高取町,1393,29401,6729.0,9.0,0.1337494427106553
明日香村,1394,29402,5179.0,15.0,0.2896312029349295
上牧町,1395,29424,21714.0,137.0,0.6309293543336096
王寺町,1396,29425,24043.0,195.0,0.8110468743501227
広陵町,1397,29426,33810.0,178.0,0.5264714581484767
河合町,1398,29427,17018.0,111.0,0.6522505582324598
吉野町,1399,29441,6229.0,65.0,1.0435061807673784
大淀町,1400,29442,16728.0,207.0,1.2374461979913918
下市町,1401,29443,5037.0,37.0,0.7345642247369466
黒滝村,1402,29444,623.0,6.0,0.9630818619582664
天川村,1403,29446,1176.0,1.0,0.0850340136054421
野迫川村,1404,29447,357.0,6.0,1.680672268907563
十津川村,1405,29449,3061.0,18.0,0.5880431231623653
下北山村,1406,29450,753.0,7.0,0.9296148738379816
上北山村,1407,29451,444.0,1.0,0.2252252252252252
川上村,1408,29452,1156.0,13.0,1.124567474048443
東吉野村,1409,29453,1502.0,22.0,1.4647137150466043
和歌山県,1410,30000,922584.0,6029.0,0.6534906306634409
和歌山市,1411,30201,356729.0,3045.0,0.8535891390943826
海南市,1412,30202,48369.0,256.0,0.5292646116314168
橋本市,1413,30203,60818.0,313.0,0.5146502680127594
有田市,1414,30204,26538.0,137.0,0.5162408621599216
御坊市,1415,30205,23481.0,163.0,0.6941782717942167
田辺市,1416,30206,69870.0,252.0,0.360669815371404
新宮市,1417,30207,27171.0,163.0,0.5999043097420044
紀の川市,1418,30208,58816.0,397.0,0.6749863982589772
岩出市,1419,30209,53967.0,383.0,0.7096929605129061
紀美野町,1420,30304,8256.0,35.0,0.4239341085271317
かつらぎ町,1421,30341,15967.0,77.0,0.4822446295484436
九度山町,1422,30343,3856.0,4.0,0.1037344398340249
高野町,1423,30344,2970.0,29.0,0.9764309764309764
湯浅町,1424,30361,11122.0,37.0,0.3326739795000899
広川町,1425,30362,6781.0,44.0,0.6488718478100575
有田川町,1426,30366,25258.0,76.0,0.300894766014728
美浜町,1427,30381,6867.0,29.0,0.4223095966215232
日高町,1428,30382,7673.0,17.0,0.2215561058256223
由良町,1429,30383,5364.0,37.0,0.6897837434750187
印南町,1430,30390,7720.0,32.0,0.4145077720207253
みなべ町,1431,30391,11818.0,77.0,0.6515484853613133
日高川町,1432,30392,9219.0,33.0,0.3579563944028636
白浜町,1433,30401,20262.0,145.0,0.7156253084591847
上富田町,1434,30404,15236.0,38.0,0.2494092937778944
すさみ町,1435,30406,3685.0,22.0,0.5970149253731344
那智勝浦町,1436,30421,14137.0,107.0,0.7568791115512485
太地町,1437,30422,2791.0,10.0,0.3582945180938731
古座川町,1438,30424,2480.0,12.0,0.4838709677419355
北山村,1439,30427,404.0,,
串本町,1440,30428,14959.0,59.0,0.3944113911357711
鳥取県,1441,31000,553407.0,4310.0,0.7788119774415575
鳥取市,1442,31201,188465.0,1306.0,0.6929668638739289
米子市,1443,31202,147317.0,1170.0,0.7942056924862712
倉吉市,1444,31203,46485.0,303.0,0.6518231687641174
境港市,1445,31204,32740.0,482.0,1.4722052535125227
岩美町,1446,31302,10799.0,76.0,0.7037688674877304
若桜町,1447,31325,2864.0,30.0,1.047486033519553
智頭町,1448,31328,6427.0,68.0,1.0580364088999534
八頭町,1449,31329,15937.0,69.0,0.4329547593649996
三朝町,1450,31364,6060.0,61.0,1.0066006600660065
湯梨浜町,1451,31370,16055.0,91.0,0.5668016194331984
琴浦町,1452,31371,16365.0,199.0,1.216009776963031
北栄町,1453,31372,14228.0,104.0,0.7309530503233062
日吉津村,1454,31384,3501.0,32.0,0.9140245644101684
大山町,1455,31386,15370.0,119.0,0.7742355237475602
南部町,1456,31389,10323.0,92.0,0.8912137944396008
伯耆町,1457,31390,10696.0,47.0,0.4394166043380703
日南町,1458,31401,4196.0,28.0,0.667302192564347
日野町,1459,31402,2907.0,23.0,0.7911936704506364
江府町,1460,31403,2672.0,10.0,0.374251497005988
島根県,1461,32000,671126.0,8230.0,1.2262972973778397
松江市,1462,32201,203616.0,1336.0,0.6561370422756561
浜田市,1463,32202,54592.0,651.0,1.1924824150058615
出雲市,1464,32203,172775.0,4158.0,2.406598176819563
益田市,1465,32204,45003.0,347.0,0.7710597071306358
大田市,1466,32205,32846.0,338.0,1.0290446325275528
安来市,1467,32206,37062.0,262.0,0.7069235335383952
江津市,1468,32207,22959.0,282.0,1.2282764928786096
雲南市,1469,32209,36007.0,212.0,0.5887744049768101
奥出雲町,1470,32343,11849.0,89.0,0.7511182378259769
飯南町,1471,32386,4577.0,42.0,0.917631636443085
川本町,1472,32441,3248.0,19.0,0.5849753694581281
美郷町,1473,32448,4355.0,18.0,0.4133180252583237
邑南町,1474,32449,10163.0,84.0,0.8265276001180754
津和野町,1475,32501,6875.0,52.0,0.7563636363636363
吉賀町,1476,32505,6077.0,221.0,3.636662827052822
海士町,1477,32525,2267.0,12.0,0.529333921482135
西ノ島町,1478,32526,2788.0,31.0,1.1119081779053086
知夫村,1479,32527,634.0,3.0,0.473186119873817
隠岐の島町,1480,32528,13433.0,73.0,0.5434378024268592
岡山県,1481,33000,1888432.0,25116.0,1.3299922898997687
岡山市,1482,33100,724691.0,11844.0,1.634351744398647
岡山市北区,1483,33101,314523.0,6307.0,2.005258756911259
岡山市中区,1484,33102,149232.0,2072.0,1.3884421571780852
岡山市東区,1485,33103,93108.0,1420.0,1.5251106242213344
岡山市南区,1486,33104,167828.0,2045.0,1.21850942631742
倉敷市,1487,33202,474592.0,4361.0,0.9188945452093586
津山市,1488,33203,99937.0,832.0,0.8325244904289703
玉野市,1489,33204,56531.0,615.0,1.0878986750632396
笠岡市,1490,33205,46088.0,490.0,1.06318347509113
井原市,1491,33207,38384.0,512.0,1.3338891204668613
総社市,1492,33208,69030.0,1593.0,2.307692307692308
高梁市,1493,33209,29072.0,900.0,3.095762245459549
新見市,1494,33210,28079.0,271.0,0.9651340859717226
備前市,1495,33211,32320.0,548.0,1.6955445544554455
瀬戸内市,1496,33212,36048.0,420.0,1.1651131824234355
赤磐市,1497,33213,42661.0,483.0,1.1321816178711237
真庭市,1498,33214,42725.0,291.0,0.6811000585137508
美作市,1499,33215,25939.0,380.0,1.4649755194880296
浅口市,1500,33216,32772.0,225.0,0.6865616990113512
和気町,1501,33346,13623.0,248.0,1.8204507083608603
早島町,1502,33423,12368.0,67.0,0.5417205692108668
里庄町,1503,33445,10950.0,155.0,1.4155251141552512
矢掛町,1504,33461,13414.0,368.0,2.7434024153869094
新庄村,1505,33586,813.0,11.0,1.3530135301353017
鏡野町,1506,33606,12062.0,84.0,0.6964019233957884
勝央町,1507,33622,10888.0,46.0,0.4224834680382072
奈義町,1508,33623,5578.0,26.0,0.4661168877733955
西粟倉村,1509,33643,1398.0,6.0,0.4291845493562232
久米南町,1510,33663,4530.0,37.0,0.8167770419426049
美咲町,1511,33666,13053.0,75.0,0.5745805561939784
吉備中央町,1512,33681,10886.0,228.0,2.0944332169759323
広島県,1513,34000,2799702.0,47733.0,1.704931453418971
広島市,1514,34100,1200754.0,17500.0,1.4574175892814016
広島市中区,1515,34101,142699.0,3925.0,2.75054485315244
広島市東区,1516,34102,119353.0,1740.0,1.457860296766734
広島市南区,1517,34103,145805.0,1934.0,1.3264291348033332
広島市西区,1518,34104,190232.0,3482.0,1.8303965684006895
広島市安佐南区,1519,34105,247020.0,1999.0,0.809246214881386
広島市安佐北区,1520,34106,138979.0,1865.0,1.3419293562336756
広島市安芸区,1521,34107,77103.0,1465.0,1.9000557695550109
広島市佐伯区,1522,34108,139563.0,1090.0,0.7810092932940679
呉市,1523,34202,214592.0,3022.0,1.4082538025648672
竹原市,1524,34203,23993.0,228.0,0.9502771641728835
三原市,1525,34204,90573.0,2130.0,2.3516942135073364
尾道市,1526,34205,131170.0,2718.0,2.072120149424411
福山市,1527,34207,460930.0,8231.0,1.7857375306445666
府中市,1528,34208,37655.0,562.0,1.4924976762714115
三次市,1529,34209,50681.0,628.0,1.2391231427951304
庄原市,1530,34210,33633.0,400.0,1.1893081200011892
大竹市,1531,34211,26319.0,320.0,1.2158516660967362
東広島市,1532,34212,196608.0,6626.0,3.3701578776041665
廿日市市,1533,34213,114173.0,1244.0,1.0895745929422893
安芸高田市,1534,34214,26448.0,696.0,2.631578947368421
江田島市,1535,34215,21930.0,584.0,2.6630186958504334
府中町,1536,34302,51155.0,615.0,1.202228521161177
海田町,1537,34304,29636.0,831.0,2.804022135240923
熊野町,1538,34307,22834.0,200.0,0.8758868354208635
坂町,1539,34309,12582.0,182.0,1.4465108885709743
安芸太田町,1540,34368,5740.0,42.0,0.7317073170731708
北広島町,1541,34369,17763.0,485.0,2.730394640544953
大崎上島町,1542,34431,7158.0,146.0,2.039675887119307
世羅町,1543,34462,15125.0,255.0,1.6859504132231404
神石高原町,1544,34545,8250.0,88.0,1.0666666666666669
山口県,1545,35000,1342059.0,14378.0,1.0713388904660677
下関市,1546,35201,255051.0,3872.0,1.5181277469996195
宇部市,1547,35202,162570.0,1682.0,1.0346312357753584
山口市,1548,35203,193966.0,1547.0,0.7975624594001011
萩市,1549,35204,44626.0,380.0,0.8515215345314391
防府市,1550,35206,113979.0,1175.0,1.0308916554803955
下松市,1551,35207,55887.0,561.0,1.0038112620108433
岩国市,1552,35208,129125.0,1769.0,1.3699903194578895
光市,1553,35210,49798.0,436.0,0.8755371701674767
長門市,1554,35211,32519.0,457.0,1.405332267289892
柳井市,1555,35212,30799.0,164.0,0.5324848209357447
美祢市,1556,35213,23247.0,195.0,0.8388179119886436
周南市,1557,35215,137540.0,1162.0,0.8448451359604479
山陽小野田市,1558,35216,60326.0,627.0,1.039352849517621
周防大島町,1559,35305,14798.0,99.0,0.6690093255845384
和木町,1560,35321,6034.0,77.0,1.2761020881670533
上関町,1561,35341,2342.0,4.0,0.1707941929974381
田布施町,1562,35343,14483.0,59.0,0.4073741628115722
平生町,1563,35344,11914.0,86.0,0.7218398522746349
阿武町,1564,35502,3055.0,26.0,0.851063829787234
徳島県,1565,36000,719559.0,5033.0,0.6994561946970297
徳島市,1566,36201,252391.0,1506.0,0.5966932259866635
鳴門市,1567,36202,54622.0,309.0,0.5657061257368825
小松島市,1568,36203,36149.0,196.0,0.5422003374920468
阿南市,1569,36204,69470.0,292.0,0.4203253202821362
吉野川市,1570,36205,38772.0,306.0,0.7892293407613741
阿波市,1571,36206,34713.0,390.0,1.1234984011753522
美馬市,1572,36207,28055.0,403.0,1.4364640883977902
三好市,1573,36208,23605.0,187.0,0.7922050413048084
勝浦町,1574,36301,4837.0,31.0,0.6408931155675005
上勝町,1575,36302,1380.0,5.0,0.3623188405797101
佐那河内村,1576,36321,2058.0,5.0,0.2429543245869776
石井町,1577,36341,24833.0,237.0,0.9543752265131076
神山町,1578,36342,4647.0,54.0,1.1620400258231116
那賀町,1579,36368,7367.0,12.0,0.1628885570788652
牟岐町,1580,36383,3743.0,21.0,0.56104728827144
美波町,1581,36387,6222.0,54.0,0.8678881388621021
海陽町,1582,36388,8358.0,213.0,2.548456568557071
松茂町,1583,36401,14583.0,114.0,0.7817321538778029
北島町,1584,36402,22745.0,112.0,0.492415915585843
藍住町,1585,36403,35246.0,193.0,0.5475798672189752
板野町,1586,36404,13042.0,162.0,1.242140775954608
上板町,1587,36405,11384.0,112.0,0.9838369641602248
つるぎ町,1588,36468,7715.0,30.0,0.3888528839922229
東みよし町,1589,36489,13622.0,89.0,0.6533548671267068
香川県,1590,37000,950244.0,10854.0,1.1422329422758786
高松市,1591,37201,417496.0,3577.0,0.8567746756855156
丸亀市,1592,37202,109513.0,1830.0,1.671034489056094
坂出市,1593,37203,50624.0,814.0,1.6079329962073323
善通寺市,1594,37204,31631.0,260.0,0.8219784388732573
観音寺市,1595,37205,57438.0,739.0,1.2866046867927157
さぬき市,1596,37206,47003.0,383.0,0.8148416058549454
東かがわ市,1597,37207,28279.0,235.0,0.8310053396513313
三豊市,1598,37208,61857.0,719.0,1.1623583426289668
土庄町,1599,37322,12846.0,78.0,0.6071929005137786
小豆島町,1600,37324,13870.0,134.0,0.9661139149242972
三木町,1601,37341,26878.0,201.0,0.7478234987722301
直島町,1602,37364,3103.0,29.0,0.9345794392523364
宇多津町,1603,37386,18699.0,404.0,2.16054334456388
綾川町,1604,37387,22693.0,284.0,1.2514872427620851
琴平町,1605,37403,8468.0,168.0,1.9839395370807749
多度津町,1606,37404,22445.0,816.0,3.6355535754065498
まんのう町,1607,37406,17401.0,183.0,1.05166369748865
愛媛県,1608,38000,1334841.0,11159.0,0.8359797159362051
松山市,1609,38201,511192.0,2672.0,0.5226998857572106
今治市,1610,38202,151672.0,3043.0,2.0063030750567012
宇和島市,1611,38203,70809.0,365.0,0.5154711971642023
八幡浜市,1612,38204,31987.0,210.0,0.6565167099134023
新居浜市,1613,38205,115938.0,1206.0,1.04021114733737
西条市,1614,38206,104791.0,1299.0,1.239610271874493
大洲市,1615,38207,40575.0,169.0,0.4165126309303759
伊予市,1616,38210,35133.0,211.0,0.6005749580166795
四国中央市,1617,38213,82754.0,719.0,0.8688401769098775
西予市,1618,38214,35388.0,274.0,0.7742737651181191
東温市,1619,38215,33903.0,168.0,0.4955313689054065
上島町,1620,38356,6509.0,306.0,4.701182977415886
久万高原町,1621,38386,7404.0,34.0,0.4592112371690978
松前町,1622,38401,29630.0,141.0,0.4758690516368545
砥部町,1623,38402,20480.0,73.0,0.3564453125
内子町,1624,38422,15322.0,53.0,0.3459078449288604
伊方町,1625,38442,8397.0,67.0,0.7979040133380969
松野町,1626,38484,3674.0,18.0,0.4899292324442025
鬼北町,1627,38488,9682.0,86.0,0.8882462301177443
愛南町,1628,38506,19601.0,45.0,0.2295801234630886
高知県,1629,39000,691527.0,4220.0,0.6102437070425305
高知市,1630,39201,326545.0,1493.0,0.4572111041357239
室戸市,1631,39202,11742.0,91.0,0.7749957417816385
安芸市,1632,39203,16243.0,67.0,0.4124853783168134
南国市,1633,39204,46664.0,275.0,0.5893193896794102
土佐市,1634,39205,25732.0,348.0,1.3524016788434634
須崎市,1635,39206,20590.0,390.0,1.894123360854784
宿毛市,1636,39208,19033.0,68.0,0.3572742079546051
土佐清水市,1637,39209,12388.0,79.0,0.6377139166935745
四万十市,1638,39210,32694.0,93.0,0.2844558634611855
香南市,1639,39211,32207.0,289.0,0.8973204582854659
香美市,1640,39212,26513.0,287.0,1.082487836155848
東洋町,1641,39301,2194.0,41.0,1.86873290793072
奈半利町,1642,39302,3034.0,11.0,0.3625576796308504
田野町,1643,39303,2498.0,7.0,0.2802241793434747
安田町,1644,39304,2370.0,5.0,0.210970464135021
北川村,1645,39305,1146.0,3.0,0.2617801047120419
馬路村,1646,39306,745.0,2.0,0.2684563758389262
芸西村,1647,39307,3694.0,74.0,2.0032485110990796
本山町,1648,39341,3261.0,22.0,0.6746396810794235
大豊町,1649,39344,3252.0,33.0,1.014760147601476
土佐町,1650,39363,3753.0,33.0,0.8792965627498002
大川村,1651,39364,366.0,1.0,0.273224043715847
いの町,1652,39386,21374.0,38.0,0.1777860952559184
仁淀川町,1653,39387,4827.0,38.0,0.7872384503832609
中土佐町,1654,39401,6002.0,42.0,0.6997667444185272
佐川町,1655,39402,12323.0,56.0,0.4544347967215775
越知町,1656,39403,5187.0,16.0,0.3084634663582032
檮原町,1657,39405,3307.0,5.0,0.1511944360447535
日高村,1658,39410,4812.0,18.0,0.3740648379052369
津野町,1659,39411,5291.0,28.0,0.5292005292005292
四万十町,1660,39412,15607.0,84.0,0.538220029473954
大月町,1661,39424,4434.0,19.0,0.4285069914298602
三原村,1662,39427,1437.0,13.0,0.904662491301322
黒潮町,1663,39428,10262.0,151.0,1.4714480608068603
福岡県,1664,40000,5135214.0,66699.0,1.2988553154746811
北九州市,1665,40100,939029.0,10815.0,1.151721618821144
北九州市門司区,1666,40101,93842.0,698.0,0.7438034142494832
北九州市若松区,1667,40103,80533.0,1088.0,1.3509989693665951
北九州市戸畑区,1668,40105,57494.0,664.0,1.154903120325599
北九州市小倉北区,1669,40106,183407.0,3599.0,1.9623024203002064
北九州市小倉南区,1670,40107,209028.0,1431.0,0.6845972788334577
北九州市八幡東区,1671,40108,64792.0,701.0,1.0819236942832449
北九州市八幡西区,1672,40109,249933.0,2634.0,1.0538824404940523
福岡市,1673,40130,1612392.0,31904.0,1.9786751608789923
福岡市東区,1674,40131,322503.0,9573.0,2.96834448051646
福岡市博多区,1675,40132,252034.0,6932.0,2.750422562035281
福岡市中央区,1676,40133,205501.0,3842.0,1.8695772769962191
福岡市南区,1677,40134,265583.0,5429.0,2.044182044784493
福岡市西区,1678,40135,212579.0,2600.0,1.223074715752732
福岡市城南区,1679,40136,132864.0,1155.0,0.8693099710982659
福岡市早良区,1680,40137,221328.0,2373.0,1.0721643895033617
大牟田市,1681,40202,111281.0,662.0,0.594890412559197
久留米市,1682,40203,303316.0,2895.0,0.954450144403856
直方市,1683,40204,56212.0,566.0,1.00690244075998
飯塚市,1684,40205,126364.0,1211.0,0.9583425659206736
田川市,1685,40206,46203.0,401.0,0.8679090102374304
柳川市,1686,40207,64475.0,534.0,0.8282279953470337
八女市,1687,40210,60608.0,436.0,0.7193769799366421
筑後市,1688,40211,48827.0,495.0,1.0137833575685584
大川市,1689,40212,32988.0,218.0,0.6608463683763793
行橋市,1690,40213,71426.0,557.0,0.7798280738106572
豊前市,1691,40214,24391.0,326.0,1.3365585666844326
中間市,1692,40215,40362.0,337.0,0.8349437589812201
小郡市,1693,40216,59360.0,869.0,1.4639487870619945
筑紫野市,1694,40217,103311.0,533.0,0.5159179564615578
春日市,1695,40218,111023.0,766.0,0.6899471280725615
大野城市,1696,40219,102085.0,783.0,0.7670078855855414
宗像市,1697,40220,97095.0,726.0,0.7477213038776456
太宰府市,1698,40221,73164.0,445.0,0.6082226231479962
古賀市,1699,40223,58786.0,781.0,1.3285476133773348
福津市,1700,40224,67033.0,394.0,0.5877702027359659
うきは市,1701,40225,27981.0,241.0,0.8612987384296488
宮若市,1702,40226,26298.0,362.0,1.3765305346414176
嘉麻市,1703,40227,35473.0,258.0,0.7273137315704902
朝倉市,1704,40228,50273.0,658.0,1.3088536590217412
みやま市,1705,40229,35861.0,260.0,0.7250216112211036
糸島市,1706,40230,98877.0,1160.0,1.1731747524702407
那珂川市,1707,40231,50112.0,285.0,0.5687260536398467
宇美町,1708,40341,37671.0,486.0,1.2901170661782273
篠栗町,1709,40342,31209.0,178.0,0.5703482969656188
志免町,1710,40343,46377.0,602.0,1.2980572266425168
須恵町,1711,40344,28628.0,255.0,0.8907363420427553
新宮町,1712,40345,32927.0,430.0,1.3059191544932731
久山町,1713,40348,9068.0,247.0,2.7238641376268196
粕屋町,1714,40349,48190.0,614.0,1.27412326208757
芦屋町,1715,40381,13545.0,85.0,0.6275378368401624
水巻町,1716,40382,28114.0,418.0,1.4868037276801591
岡垣町,1717,40383,31007.0,166.0,0.535362982552327
遠賀町,1718,40384,18723.0,197.0,1.0521818084708647
小竹町,1719,40401,7151.0,196.0,2.7408754020416723
鞍手町,1720,40402,15080.0,189.0,1.253315649867374
桂川町,1721,40421,12878.0,102.0,0.7920484547289951
筑前町,1722,40447,29591.0,225.0,0.760366327599608
東峰村,1723,40448,1899.0,11.0,0.5792522380200106
大刀洗町,1724,40503,15521.0,316.0,2.035951291798209
大木町,1725,40522,13820.0,120.0,0.8683068017366137
広川町,1726,40544,19969.0,270.0,1.3520957484100355
香春町,1727,40601,10191.0,49.0,0.4808164066333039
添田町,1728,40602,8801.0,9.0,0.1022611066924213
糸田町,1729,40604,8407.0,38.0,0.4520042821458309
川崎町,1730,40605,15176.0,99.0,0.6523458091723775
大任町,1731,40608,5008.0,9.0,0.1797124600638977
赤村,1732,40609,2774.0,3.0,0.1081470800288392
福智町,1733,40610,21398.0,121.0,0.5654734087297878
苅田町,1734,40621,37684.0,1050.0,2.786328415242543
みやこ町,1735,40625,18825.0,147.0,0.7808764940239044
吉富町,1736,40642,6536.0,58.0,0.8873929008567932
上毛町,1737,40646,7251.0,34.0,0.468900841263274
築上町,1738,40647,17189.0,97.0,0.5643143871080342
佐賀県,1739,41000,811442.0,5940.0,0.7320301389378415
佐賀市,1740,41201,233301.0,1425.0,0.610798924993892
唐津市,1741,41202,117373.0,722.0,0.6151329522121783
鳥栖市,1742,41203,74196.0,1064.0,1.434039570866354
多久市,1743,41204,18295.0,165.0,0.9018857611369226
伊万里市,1744,41205,52629.0,447.0,0.8493416177392693
武雄市,1745,41206,47914.0,209.0,0.4361981884209208
鹿島市,1746,41207,27892.0,157.0,0.5628854151728094
小城市,1747,41208,43952.0,274.0,0.6234073534765198
嬉野市,1748,41209,25848.0,157.0,0.6073970906839987
神埼市,1749,41210,31022.0,206.0,0.6640448713816002
吉野ヶ里町,1750,41327,16323.0,192.0,1.1762543650064323
基山町,1751,41341,17250.0,247.0,1.4318840579710146
上峰町,1752,41345,9286.0,56.0,0.6030583674348482
みやき町,1753,41346,25511.0,171.0,0.670299086668496
玄海町,1754,41387,5609.0,8.0,0.1426279194152255
有田町,1755,41401,19010.0,144.0,0.7574960547080484
大町町,1756,41423,6293.0,16.0,0.2542507548069283
江北町,1757,41424,9566.0,67.0,0.7003972402257996
白石町,1758,41425,22051.0,156.0,0.707450909255816
太良町,1759,41441,8121.0,57.0,0.7018840044329516
長崎県,1760,42000,1312317.0,8316.0,0.6336883542619657
長崎市,1761,42201,409118.0,2601.0,0.6357578986991529
佐世保市,1762,42202,243223.0,1611.0,0.6623551226652085
島原市,1763,42203,43338.0,361.0,0.832987216761272
諫早市,1764,42204,133852.0,866.0,0.6469832352150137
大村市,1765,42205,95397.0,362.0,0.3794668595448494
平戸市,1766,42207,29365.0,154.0,0.5244338498212158
松浦市,1767,42208,21271.0,233.0,1.0953880870668986
対馬市,1768,42209,28502.0,150.0,0.5262788576240264
壱岐市,1769,42210,24948.0,79.0,0.3166586499919833
五島市,1770,42211,34391.0,128.0,0.3721903986508098
西海市,1771,42212,26275.0,458.0,1.7431018078020932
雲仙市,1772,42213,41096.0,423.0,1.0292972552073194
南島原市,1773,42214,42330.0,259.0,0.6118592015119301
長与町,1774,42307,40780.0,162.0,0.3972535556645414
時津町,1775,42308,29339.0,201.0,0.6850949248440642
東彼杵町,1776,42321,7721.0,42.0,0.543970988213962
川棚町,1777,42322,13377.0,98.0,0.7326007326007326
波佐見町,1778,42323,14291.0,29.0,0.2029249177804212
小値賀町,1779,42383,2288.0,6.0,0.2622377622377622
佐々町,1780,42391,13912.0,48.0,0.3450258769407705
新上五島町,1781,42411,17503.0,45.0,0.2570987830657602
熊本県,1782,43000,1738301.0,14591.0,0.8393828226526937
熊本市,1783,43100,738865.0,5421.0,0.733692893830402
熊本市中央区,1784,43101,187502.0,2168.0,1.1562543332871116
熊本市東区,1785,43102,189524.0,1090.0,0.5751250501255778
熊本市西区,1786,43103,91177.0,645.0,0.7074152472663062
熊本市南区,1787,43104,130829.0,694.0,0.5304634293619916
熊本市北区,1788,43105,139833.0,824.0,0.5892743486873628
八代市,1789,43202,123067.0,2036.0,1.654383384660388
人吉市,1790,43203,31108.0,175.0,0.5625562556255626
荒尾市,1791,43204,50832.0,305.0,0.6000157381177211
水俣市,1792,43205,23557.0,66.0,0.2801714989175192
玉名市,1793,43206,64292.0,841.0,1.3080943196665216
山鹿市,1794,43208,49025.0,354.0,0.7220805711371749
菊池市,1795,43210,46416.0,591.0,1.2732678386763183
宇土市,1796,43211,36122.0,194.0,0.5370688223243453
上天草市,1797,43212,24563.0,95.0,0.3867605748483491
宇城市,1798,43213,57032.0,459.0,0.8048113339879367
阿蘇市,1799,43214,24930.0,394.0,1.5804251905334938
天草市,1800,43215,75783.0,320.0,0.4222582901178364
合志市,1801,43216,61772.0,245.0,0.3966198277536747
美里町,1802,43348,9392.0,63.0,0.6707836456558773
玉東町,1803,43364,5045.0,26.0,0.5153617443012884
南関町,1804,43367,8979.0,147.0,1.6371533578349484
長洲町,1805,43368,15372.0,592.0,3.8511579495186057
和水町,1806,43369,9342.0,39.0,0.4174694926140013
大津町,1807,43403,35187.0,383.0,1.0884701736436753
菊陽町,1808,43404,43337.0,389.0,0.8976163555391468
南小国町,1809,43423,3750.0,71.0,1.893333333333333
小国町,1810,43424,6590.0,41.0,0.622154779969651
産山村,1811,43425,1382.0,27.0,1.9536903039073803
高森町,1812,43428,5789.0,62.0,1.0709967179132838
西原村,1813,43432,6426.0,87.0,1.353874883286648
南阿蘇村,1814,43433,9836.0,93.0,0.945506303375356
御船町,1815,43441,16303.0,71.0,0.4355026682205729
嘉島町,1816,43442,9547.0,104.0,1.089347438986069
益城町,1817,43443,32510.0,133.0,0.4091048908028299
甲佐町,1818,43444,10132.0,59.0,0.5823134622976708
山都町,1819,43447,13503.0,103.0,0.7627934533066726
氷川町,1820,43468,11094.0,155.0,1.3971516134847666
芦北町,1821,43482,15681.0,31.0,0.1976914737580511
津奈木町,1822,43484,4254.0,7.0,0.1645510108133521
錦町,1823,43501,10288.0,49.0,0.4762830482115086
多良木町,1824,43505,9076.0,60.0,0.6610841780520054
湯前町,1825,43506,3627.0,5.0,0.1378549765646539
水上村,1826,43507,2033.0,7.0,0.3443187407771766
相良村,1827,43510,4070.0,15.0,0.3685503685503685
五木村,1828,43511,931.0,3.0,0.322234156820623
山江村,1829,43512,3238.0,5.0,0.1544163063619518
球磨村,1830,43513,2433.0,1.0,0.0411015207562679
あさぎり町,1831,43514,14676.0,203.0,1.3832106841101115
苓北町,1832,43531,7114.0,64.0,0.8996345234748383
大分県,1833,44000,1123852.0,10168.0,0.9047454647053172
大分市,1834,44201,475614.0,2661.0,0.5594873153439553
別府市,1835,44202,115321.0,2431.0,2.1080288932631523
中津市,1836,44203,82863.0,1329.0,1.60385214148655
日田市,1837,44204,62657.0,412.0,0.657548238824074
佐伯市,1838,44205,66851.0,305.0,0.4562385005459903
臼杵市,1839,44206,36158.0,313.0,0.8656452237402511
津久見市,1840,44207,16100.0,34.0,0.2111801242236025
竹田市,1841,44208,20332.0,239.0,1.1754869171748967
豊後高田市,1842,44209,22112.0,615.0,2.7812952243125904
杵築市,1843,44210,27999.0,162.0,0.5785920925747349
宇佐市,1844,44211,52771.0,586.0,1.110458395709765
豊後大野市,1845,44212,33695.0,209.0,0.6202700697432854
由布市,1846,44213,32772.0,324.0,0.9886488465763456
国東市,1847,44214,26232.0,238.0,0.9072888075632816
姫島村,1848,44322,1725.0,3.0,0.1739130434782608
日出町,1849,44341,27723.0,121.0,0.4364607005013887
九重町,1850,44461,8541.0,86.0,1.0069078562229248
玖珠町,1851,44462,14386.0,100.0,0.6951202558042541
宮崎県,1852,45000,1069576.0,6474.0,0.6052865808507296
宮崎市,1853,45201,401339.0,2109.0,0.5254909191481516
都城市,1854,45202,160640.0,1396.0,0.8690239043824701
延岡市,1855,45203,118394.0,445.0,0.3758636417386016
日南市,1856,45204,50848.0,401.0,0.7886249213341724
小林市,1857,45205,43670.0,487.0,1.1151820471719718
日向市,1858,45206,59629.0,348.0,0.5836086467993762
串間市,1859,45207,16822.0,73.0,0.4339555344192129
西都市,1860,45208,28610.0,88.0,0.3075847605732261
えびの市,1861,45209,17638.0,133.0,0.7540537475904298
三股町,1862,45341,25591.0,153.0,0.5978664374194053
高原町,1863,45361,8639.0,20.0,0.231508276420882
国富町,1864,45382,18398.0,130.0,0.7065985433199261
綾町,1865,45383,6934.0,17.0,0.2451687337755985
高鍋町,1866,45401,19922.0,58.0,0.2911354281698625
新富町,1867,45402,16564.0,154.0,0.9297271190533688
西米良村,1868,45403,1000.0,1.0,0.1
木城町,1869,45404,4895.0,6.0,0.1225740551583248
川南町,1870,45405,15194.0,237.0,1.5598262472028432
都農町,1871,45406,9906.0,61.0,0.6157884110640016
門川町,1872,45421,17379.0,95.0,0.5466367454974395
諸塚村,1873,45429,1486.0,2.0,0.1345895020188425
椎葉村,1874,45430,2503.0,4.0,0.1598082301238513
美郷町,1875,45431,4826.0,12.0,0.2486531288852051
高千穂町,1876,45441,11642.0,32.0,0.2748668613640268
日之影町,1877,45442,3635.0,3.0,0.0825309491059147
五ヶ瀬町,1878,45443,3472.0,9.0,0.2592165898617511
鹿児島県,1879,46000,1588256.0,10037.0,0.6319510204903995
鹿児島市,1880,46201,593128.0,2432.0,0.410029538312135
鹿屋市,1881,46203,101096.0,541.0,0.535134921262958
枕崎市,1882,46204,20033.0,373.0,1.8619278190984871
阿久根市,1883,46206,19270.0,108.0,0.5604566683964712
出水市,1884,46208,51994.0,763.0,1.467477016578836
指宿市,1885,46210,39011.0,337.0,0.8638589115890389
西之表市,1886,46213,14708.0,77.0,0.5235246124558063
垂水市,1887,46214,13819.0,264.0,1.9104131992184672
薩摩川内市,1888,46215,92403.0,472.0,0.5108059262145168
日置市,1889,46216,47153.0,315.0,0.6680380887748394
曽於市,1890,46217,33310.0,362.0,1.0867607325127588
霧島市,1891,46218,123135.0,655.0,0.5319364924676168
いちき串木野市,1892,46219,27490.0,206.0,0.7493634048744998
南さつま市,1893,46220,32887.0,217.0,0.6598351932374494
志布志市,1894,46221,29329.0,328.0,1.1183470285383068
奄美市,1895,46222,41390.0,102.0,0.2464363372795361
南九州市,1896,46223,33080.0,369.0,1.115477629987908
伊佐市,1897,46224,24453.0,120.0,0.4907373328425959
姶良市,1898,46225,76348.0,351.0,0.45973699376539
三島村,1899,46303,405.0,3.0,0.7407407407407408
十島村,1900,46304,740.0,9.0,1.2162162162162162
さつま町,1901,46392,20243.0,403.0,1.990811638591118
長島町,1902,46404,9705.0,78.0,0.80370942812983
湧水町,1903,46452,9119.0,88.0,0.965018094089264
大崎町,1904,46468,12385.0,303.0,2.446507872426322
東串良町,1905,46482,6237.0,126.0,2.0202020202020203
錦江町,1906,46490,6944.0,69.0,0.9936635944700462
南大隅町,1907,46491,6481.0,23.0,0.3548835056318469
肝付町,1908,46492,14227.0,68.0,0.4779644338230125
中種子町,1909,46501,7539.0,19.0,0.2520228146969094
南種子町,1910,46502,5445.0,13.0,0.2387511478420569
屋久島町,1911,46505,11858.0,101.0,0.8517456569404622
大和村,1912,46523,1364.0,1.0,0.0733137829912023
宇検村,1913,46524,1621.0,4.0,0.2467612584824182
瀬戸内町,1914,46525,8546.0,14.0,0.1638193306810203
龍郷町,1915,46527,5817.0,17.0,0.2922468626439746
喜界町,1916,46529,6629.0,38.0,0.573238799215568
徳之島町,1917,46530,10147.0,41.0,0.4040603133931211
天城町,1918,46531,5517.0,30.0,0.5437737901033171
伊仙町,1919,46532,6139.0,24.0,0.3909431503502198
和泊町,1920,46533,6246.0,108.0,1.729106628242075
知名町,1921,46534,5750.0,53.0,0.9217391304347826
与論町,1922,46535,5115.0,12.0,0.2346041055718475
沖縄県,1923,47000,1467480.0,18157.0,1.2372911385504402
那覇市,1924,47201,317625.0,4575.0,1.4403778040141677
宜野湾市,1925,47205,100125.0,1572.0,1.5700374531835208
石垣市,1926,47207,47637.0,473.0,0.992925667023532
浦添市,1927,47208,115690.0,1135.0,0.9810701011323364
名護市,1928,47209,63554.0,529.0,0.8323630298643673
糸満市,1929,47210,61007.0,803.0,1.316242398413297
沖縄市,1930,47211,142752.0,1993.0,1.3961275498767092
豊見城市,1931,47212,64612.0,367.0,0.5680059431684517
うるま市,1932,47213,125303.0,1357.0,1.0829748689177434
宮古島市,1933,47214,52931.0,464.0,0.8766129489335173
南城市,1934,47215,44043.0,257.0,0.5835206502735963
国頭村,1935,47301,4517.0,32.0,0.7084348018596414
大宜味村,1936,47302,3092.0,23.0,0.7438551099611902
東村,1937,47303,1598.0,11.0,0.688360450563204
今帰仁村,1938,47306,8894.0,44.0,0.4947155385653249
本部町,1939,47308,12530.0,133.0,1.0614525139664803
恩納村,1940,47311,10869.0,743.0,6.835955469684424
宜野座村,1941,47313,5833.0,43.0,0.7371849819989714
金武町,1942,47314,10806.0,100.0,0.9254118082546734
伊江村,1943,47315,4118.0,26.0,0.6313744536182613
読谷村,1944,47324,41206.0,736.0,1.7861476484007182
嘉手納町,1945,47325,13521.0,97.0,0.7174025589823237
北谷町,1946,47326,28201.0,787.0,2.790681181518386
北中城村,1947,47327,17969.0,383.0,2.131448605932439
中城村,1948,47328,22157.0,329.0,1.4848580584014082
西原町,1949,47329,34984.0,507.0,1.4492339355133774
与那原町,1950,47348,19695.0,109.0,0.5534399593805533
南風原町,1951,47350,40440.0,221.0,0.5464886251236399
渡嘉敷村,1952,47353,718.0,6.0,0.8356545961002786
座間味村,1953,47354,892.0,15.0,1.6816143497757847
粟国村,1954,47355,683.0,2.0,0.2928257686676427
渡名喜村,1955,47356,346.0,2.0,0.5780346820809248
南大東村,1956,47357,1285.0,31.0,2.4124513618677046
北大東村,1957,47358,590.0,5.0,0.847457627118644
伊平屋村,1958,47359,1126.0,8.0,0.7104795737122558
伊是名村,1959,47360,1322.0,23.0,1.739788199697428
久米島町,1960,47361,7192.0,35.0,0.4866518353726363
八重瀬町,1961,47362,30941.0,129.0,0.4169225299764067
多良間村,1962,47375,1058.0,11.0,1.0396975425330812
竹富町,1963,47381,3942.0,26.0,0.6595636732623034
与那国町,1964,47382,1676.0,15.0,0.8949880668257757
